Fecha,Condicion equipos,Equipo,Rival,Número Camiseta,Apellido,Nombre,Nombre completo,Segundos jugados,Tiempo jugado (mm:ss),Puntos,T2A,T2I,T2%,T3A,T3I,T3%,T1A,T1I,T1%,DReb,OReb,TReb,Asistencias,Recuperos,Perdidas,Tapones cometidos,Tapones recibidos,Faltas Cometidas,Faltas Recibidas,Valoracion,Ganado,Estadio,IdPartido,Etapa,Titular
28/09/2026,LOCAL,LANÚS,GIMNASIA (CR),3.0,WHITFIELD,R.,"WHITFIELD, R.",962,16:02,0,0,1,0.0,0,3,0.0,0,0,0.0,0,1,1,0,0,1,1,0,0,1,-2,False,ANTONIO ROTILI,v2gPRArUwoSLVE9l4YHKOTZBHdcWxQeAU8ZXQEQ9z7h4IxjGFpnb5lQw==,regular,False
28/09/2026,LOCAL,LANÚS,GIMNASIA (CR),5.0,BRUSSINO,J.,"BRUSSINO, J.",0,00:00,0,0,0,0.0,0,0,0.0,0,0,0.0,0,0,0,0,0,0,0,0,0,0,0,False,ANTONIO ROTILI,v2gPRArUwoSLVE9l4YHKOTZBHdcWxQeAU8ZXQEQ9z7h4IxjGFpnb5lQw==,regular,False
28/09/2026,LOCAL,LANÚS,GIMNASIA (CR),7.0,FRANCHINO,M.,"FRANCHINO, M.",2021,33:41,23,7,9,77.78,1,2,50.0,6,9,66.67,7,3,10,1,3,1,0,0,4,9,35,False,ANTONIO ROTILI,v2gPRArUwoSLVE9l4YHKOTZBHdcWxQeAU8ZXQEQ9z7h4IxjGFpnb5lQw==,regular,True
28/09/2026,LOCAL,LANÚS,GIMNASIA (CR),9.0,MERCHANT,E.,"MERCHANT, E.",1139,18:59,11,5,7,71.43,0,0,0.0,1,4,25.0,3,1,4,0,0,2,0,0,2,5,11,False,ANTONIO ROTILI,v2gPRArUwoSLVE9l4YHKOTZBHdcWxQeAU8ZXQEQ9z7h4IxjGFpnb5lQw==,regular,False
28/09/2026,LOCAL,LANÚS,GIMNASIA (CR),10.0,SACCHI,A.,"SACCHI, A.",899,14:59,7,1,1,100.0,1,3,33.33,2,2,100.0,1,0,1,1,1,1,1,0,1,2,9,False,ANTONIO ROTILI,v2gPRArUwoSLVE9l4YHKOTZBHdcWxQeAU8ZXQEQ9z7h4IxjGFpnb5lQw==,regular,False
28/09/2026,LOCAL,LANÚS,GIMNASIA (CR),11.0,CELIZ,J.,"CELIZ, J.",302,05:02,0,0,1,0.0,0,1,0.0,0,0,0.0,0,0,0,0,0,0,0,0,0,0,-2,False,ANTONIO ROTILI,v2gPRArUwoSLVE9l4YHKOTZBHdcWxQeAU8ZXQEQ9z7h4IxjGFpnb5lQw==,regular,False
28/09/2026,LOCAL,LANÚS,GIMNASIA (CR),12.0,JAMES,C.,"JAMES, C.",1232,20:32,17,3,4,75.0,2,4,50.0,5,6,83.33,1,2,3,2,0,3,0,0,3,3,15,False,ANTONIO ROTILI,v2gPRArUwoSLVE9l4YHKOTZBHdcWxQeAU8ZXQEQ9z7h4IxjGFpnb5lQw==,regular,True
28/09/2026,LOCAL,LANÚS,GIMNASIA (CR),13.0,CORIA,J.,"CORIA, J.",0,00:00,0,0,0,0.0,0,0,0.0,0,0,0.0,0,0,0,0,0,0,0,0,0,0,0,False,ANTONIO ROTILI,v2gPRArUwoSLVE9l4YHKOTZBHdcWxQeAU8ZXQEQ9z7h4IxjGFpnb5lQw==,regular,False
28/09/2026,LOCAL,LANÚS,GIMNASIA (CR),22.0,ANDUJAR,L.,"ANDUJAR, L.",2098,34:58,6,1,1,100.0,1,1,100.0,1,2,50.0,2,0,2,7,3,5,1,0,2,4,15,False,ANTONIO ROTILI,v2gPRArUwoSLVE9l4YHKOTZBHdcWxQeAU8ZXQEQ9z7h4IxjGFpnb5lQw==,regular,True
28/09/2026,LOCAL,LANÚS,GIMNASIA (CR),27.0,MORAGA,A.,"MORAGA, A.",0,00:00,0,0,0,0.0,0,0,0.0,0,0,0.0,0,0,0,0,0,0,0,0,0,0,0,False,ANTONIO ROTILI,v2gPRArUwoSLVE9l4YHKOTZBHdcWxQeAU8ZXQEQ9z7h4IxjGFpnb5lQw==,regular,False
28/09/2026,LOCAL,LANÚS,GIMNASIA (CR),32.0,JOHNSON,M.,"JOHNSON, M.",1700,28:20,10,0,2,0.0,2,6,33.33,4,4,100.0,1,0,1,1,1,2,0,0,0,2,7,False,ANTONIO ROTILI,v2gPRArUwoSLVE9l4YHKOTZBHdcWxQeAU8ZXQEQ9z7h4IxjGFpnb5lQw==,regular,True
28/09/2026,LOCAL,LANÚS,GIMNASIA (CR),33.0,RAMIREZ,C.,"RAMIREZ, C.",1647,27:27,0,0,4,0.0,0,3,0.0,0,0,0.0,5,0,5,2,2,2,0,0,2,0,-2,False,ANTONIO ROTILI,v2gPRArUwoSLVE9l4YHKOTZBHdcWxQeAU8ZXQEQ9z7h4IxjGFpnb5lQw==,regular,True
28/09/2026,LOCAL,LANÚS,GIMNASIA (CR),,TOTALES,,TOTALES,12000,200:00,74,17,30,56.67,7,23,30.43,19,27,70.37,20,7,27,14,10,17,3,0,14,26,86,False,ANTONIO ROTILI,v2gPRArUwoSLVE9l4YHKOTZBHdcWxQeAU8ZXQEQ9z7h4IxjGFpnb5lQw==,regular,False
28/09/2026,VISITANTE,GIMNASIA (CR),LANÚS,0.0,OKAFOR,O.,"OKAFOR, O.",892,14:52,7,2,2,100.0,1,2,50.0,0,0,0.0,3,1,4,2,1,2,0,0,1,0,10,True,ANTONIO ROTILI,v2gPRArUwoSLVE9l4YHKOTZBHdcWxQeAU8ZXQEQ9z7h4IxjGFpnb5lQw==,regular,True
28/09/2026,VISITANTE,GIMNASIA (CR),LANÚS,2.0,INYACO,F.,"INYACO, F.",1128,18:48,3,0,1,0.0,1,3,33.33,0,0,0.0,2,0,2,1,0,1,0,0,4,1,-1,True,ANTONIO ROTILI,v2gPRArUwoSLVE9l4YHKOTZBHdcWxQeAU8ZXQEQ9z7h4IxjGFpnb5lQw==,regular,True
28/09/2026,VISITANTE,GIMNASIA (CR),LANÚS,4.0,SANTACROCE,N.,"SANTACROCE, N.",111,01:51,0,0,0,0.0,0,1,0.0,0,0,0.0,0,0,0,0,0,0,0,0,0,0,-1,True,ANTONIO ROTILI,v2gPRArUwoSLVE9l4YHKOTZBHdcWxQeAU8ZXQEQ9z7h4IxjGFpnb5lQw==,regular,False
28/09/2026,VISITANTE,GIMNASIA (CR),LANÚS,5.0,CHACON,M.,"CHACON, M.",1763,29:23,28,5,8,62.5,5,6,83.33,3,4,75.0,4,0,4,5,1,3,0,0,2,2,30,True,ANTONIO ROTILI,v2gPRArUwoSLVE9l4YHKOTZBHdcWxQeAU8ZXQEQ9z7h4IxjGFpnb5lQw==,regular,False
28/09/2026,VISITANTE,GIMNASIA (CR),LANÚS,9.0,DATO,M.,"DATO, M.",1348,22:28,8,4,5,80.0,0,1,0.0,0,0,0.0,0,0,0,3,2,1,0,1,1,1,9,True,ANTONIO ROTILI,v2gPRArUwoSLVE9l4YHKOTZBHdcWxQeAU8ZXQEQ9z7h4IxjGFpnb5lQw==,regular,True
28/09/2026,VISITANTE,GIMNASIA (CR),LANÚS,10.0,CARRASCO,S.,"CARRASCO, S.",852,14:12,0,0,2,0.0,0,5,0.0,0,0,0.0,0,1,1,1,0,1,0,0,2,1,-7,True,ANTONIO ROTILI,v2gPRArUwoSLVE9l4YHKOTZBHdcWxQeAU8ZXQEQ9z7h4IxjGFpnb5lQw==,regular,False
28/09/2026,VISITANTE,GIMNASIA (CR),LANÚS,11.0,FORESTIER,V.,"FORESTIER, V.",906,15:06,2,1,5,20.0,0,0,0.0,0,0,0.0,0,1,1,2,1,0,0,2,3,1,-2,True,ANTONIO ROTILI,v2gPRArUwoSLVE9l4YHKOTZBHdcWxQeAU8ZXQEQ9z7h4IxjGFpnb5lQw==,regular,False
28/09/2026,VISITANTE,GIMNASIA (CR),LANÚS,12.0,TORETTA,E.,"TORETTA, E.",1548,25:48,8,1,2,50.0,2,5,40.0,0,0,0.0,1,0,1,10,2,1,0,0,4,3,15,True,ANTONIO ROTILI,v2gPRArUwoSLVE9l4YHKOTZBHdcWxQeAU8ZXQEQ9z7h4IxjGFpnb5lQw==,regular,True
28/09/2026,VISITANTE,GIMNASIA (CR),LANÚS,13.0,MELO,C.,"MELO, C.",177,02:57,0,0,0,0.0,0,0,0.0,0,0,0.0,0,0,0,0,0,0,0,0,1,0,-1,True,ANTONIO ROTILI,v2gPRArUwoSLVE9l4YHKOTZBHdcWxQeAU8ZXQEQ9z7h4IxjGFpnb5lQw==,regular,False
28/09/2026,VISITANTE,GIMNASIA (CR),LANÚS,14.0,RIVERO,C.,"RIVERO, C.",1170,19:30,13,6,7,85.71,0,0,0.0,1,4,25.0,2,3,5,2,2,2,0,0,2,3,17,True,ANTONIO ROTILI,v2gPRArUwoSLVE9l4YHKOTZBHdcWxQeAU8ZXQEQ9z7h4IxjGFpnb5lQw==,regular,True
28/09/2026,VISITANTE,GIMNASIA (CR),LANÚS,33.0,STEVENS,B.,"STEVENS, B.",1052,17:32,8,4,6,66.67,0,0,0.0,0,1,0.0,6,2,8,0,0,3,0,0,3,2,9,True,ANTONIO ROTILI,v2gPRArUwoSLVE9l4YHKOTZBHdcWxQeAU8ZXQEQ9z7h4IxjGFpnb5lQw==,regular,False
28/09/2026,VISITANTE,GIMNASIA (CR),LANÚS,88.0,BALBO,G.,"BALBO, G.",1051,17:31,15,0,0,0.0,5,6,83.33,0,0,0.0,3,0,3,0,2,1,0,0,3,0,15,True,ANTONIO ROTILI,v2gPRArUwoSLVE9l4YHKOTZBHdcWxQeAU8ZXQEQ9z7h4IxjGFpnb5lQw==,regular,False
28/09/2026,VISITANTE,GIMNASIA (CR),LANÚS,,TOTALES,,TOTALES,12000,200:00,92,23,38,60.53,14,29,48.28,4,9,44.44,21,8,29,26,11,15,0,3,26,14,93,True,ANTONIO ROTILI,v2gPRArUwoSLVE9l4YHKOTZBHdcWxQeAU8ZXQEQ9z7h4IxjGFpnb5lQw==,regular,False
