fecha,local,visitante,prob_local,prob_visit
28/09/2026,LANÚS,GIMNASIA (CR),0.521,0.479
30/09/2026,PEÑAROL (MDP),GIMNASIA (CR),0.576,0.424
30/09/2026,ARGENTINO (J),FERRO,0.522,0.478
30/09/2026,SAN MARTÍN (C),INSTITUTO,0.477,0.523
01/10/2026,OLIMPICO (LB),PLATENSE,0.524,0.476
02/10/2026,REGATAS (C),INSTITUTO,0.576,0.424
03/10/2026,QUIMSA,PLATENSE,0.464,0.536
04/10/2026,GIMNASIA (CR),LA UNION FSA,0.532,0.468
05/10/2026,QUIMSA,ATENAS (C),0.464,0.536
06/10/2026,PLATENSE,LA UNION FSA,0.495,0.505
07/10/2026,BOCA,OBERÁ,0.558,0.442
07/10/2026,OLIMPICO (LB),ATENAS (C),0.524,0.476
08/10/2026,RACING (CH),SAN MARTÍN (C),0.453,0.547
08/10/2026,INDEPENDIENTE (O),FERRO,0.49,0.51
08/10/2026,SAN LORENZO,GIMNASIA (CR),0.376,0.624
09/10/2026,LANÚS,OBERÁ,0.521,0.479
10/10/2026,INSTITUTO,FERRO,0.525,0.475
10/10/2026,QUIMSA,BOCA,0.464,0.536
10/10/2026,ARGENTINO (J),SAN MARTÍN (C),0.522,0.478
10/10/2026,RACING (CH),GIMNASIA (CR),0.453,0.547
12/10/2026,OLIMPICO (LB),BOCA,0.524,0.476
12/10/2026,ATENAS (C),FERRO,0.496,0.504
12/10/2026,ARGENTINO (J),GIMNASIA (CR),0.522,0.478
13/10/2026,OBERÁ,RACING (CH),0.558,0.442
14/10/2026,LANÚS,PEÑAROL (MDP),0.521,0.479
15/10/2026,LA UNION FSA,RACING (CH),0.462,0.538
16/10/2026,PLATENSE,OBERÁ,0.495,0.505
16/10/2026,SAN LORENZO,PEÑAROL (MDP),0.376,0.624
18/10/2026,SAN LORENZO,OBERÁ,0.376,0.624
18/10/2026,REGATAS (C),OLIMPICO (LB),0.576,0.424
19/10/2026,INDEPENDIENTE (O),LANÚS,0.49,0.51
20/10/2026,SAN MARTÍN (C),OLIMPICO (LB),0.477,0.523
20/10/2026,FERRO,PLATENSE,0.528,0.472
21/10/2026,ARGENTINO (J),BOCA,0.522,0.478
21/10/2026,INSTITUTO,LANÚS,0.525,0.475
23/10/2026,RACING (CH),BOCA,0.453,0.547
23/10/2026,ATENAS (C),LANÚS,0.496,0.504
23/10/2026,ARGENTINO (J),QUIMSA,0.522,0.478
25/10/2026,RACING (CH),QUIMSA,0.453,0.547
26/10/2026,LANÚS,REGATAS (C),0.521,0.479
27/10/2026,LA UNION FSA,INDEPENDIENTE (O),0.462,0.538
27/10/2026,PEÑAROL (MDP),SAN MARTÍN (C),0.576,0.424
28/10/2026,BOCA,REGATAS (C),0.558,0.442
28/10/2026,SAN LORENZO,PLATENSE,0.376,0.624
28/10/2026,GIMNASIA (CR),FERRO,0.532,0.468
29/10/2026,OBERÁ,INDEPENDIENTE (O),0.558,0.442
29/10/2026,LANÚS,SAN MARTÍN (C),0.521,0.479
31/10/2026,OLIMPICO (LB),PEÑAROL (MDP),0.524,0.476
