gameId,gameName,date,teamA_code,teamB_code,period,timeRemaining,scoreA,scoreB,orgId,teamCode,personId,firstName,lastName,uniformNumber,actionCode,actionText,made,pts,shotType,x,y
130879,30373-A-1,,USA,ARG,Q1,9:50,3,0,154,USA,410523,Colben,Landrew,7,P3,3pt jump shot from center made,1,3,3PT,183,173
130879,30373-A-1,,USA,ARG,Q1,9:29,3,0,14,ARG,398746,Roman,Moravansky,11,P3,3pt jump shot missed,0,3,3PT,28,111
130879,30373-A-1,,USA,ARG,Q1,9:16,3,0,154,USA,416446,Adan,Diggs,10,P2,"2PtsFG inside right, jump shot missed",0,2,2PT,199,120
130879,30373-A-1,,USA,ARG,Q1,8:53,3,1,14,ARG,408871,Manuel,Hernandez,4,FT,1st of 3 free throws made,1,1,FT,0,0
130879,30373-A-1,,USA,ARG,Q1,8:53,3,1,14,ARG,408871,Manuel,Hernandez,4,FT,2nd of 3 free throws missed,0,1,FT,0,0
130879,30373-A-1,,USA,ARG,Q1,8:53,3,1,14,ARG,408871,Manuel,Hernandez,4,FT,3rd of 3 free throws missed,0,1,FT,0,0
130879,30373-A-1,,USA,ARG,Q1,8:15,3,3,14,ARG,362126,Benjamin,Pettovello,32,P2,2pt fadeaway jump shot made,1,2,2PT,197,20
130879,30373-A-1,,USA,ARG,Q1,7:46,6,3,154,USA,341544,Caleb,Gaskins,12,P3,3pt jump shot made,1,3,3PT,5,31
130879,30373-A-1,,USA,ARG,Q1,7:32,6,5,14,ARG,409151,Santiago,Pettinaroli,14,P2,"2PtsFG under the basket, layup made",1,2,2PT,125,42
130879,30373-A-1,,USA,ARG,Q1,7:19,8,5,154,USA,416446,Adan,Diggs,10,P2,"2PtsFG under the basket, driving layup made",1,2,2PT,127,27
130879,30373-A-1,,USA,ARG,Q1,7:02,10,5,154,USA,369232,Taylen,Kinney,4,P2,"2PtsFG under the basket, points from fastbreak + after turnover, driving layup made",1,2,2PT,161,36
130879,30373-A-1,,USA,ARG,Q1,7:02,10,5,154,USA,369232,Taylen,Kinney,4,FT,Free throw missed 1 of 1,0,1,FT,0,0
130879,30373-A-1,,USA,ARG,Q1,6:44,10,5,14,ARG,409151,Santiago,Pettinaroli,14,P2,"2PtsFG under the basket, hook shot missed",0,2,2PT,128,38
130879,30373-A-1,,USA,ARG,Q1,6:33,10,7,14,ARG,409151,Santiago,Pettinaroli,14,P2,"2PtsFG under the basket, points from fastbreak + after turnover, dunk made",1,2,2PT,139,24
130879,30373-A-1,,USA,ARG,Q1,6:19,10,7,154,USA,416558,Quentin,Coleman,11,P3,3pt jump shot missed,0,3,3PT,48,131
130879,30373-A-1,,USA,ARG,Q1,5:59,10,7,14,ARG,409021,Elias,Torrens,7,P2,2pt pullup jump shot missed,0,2,2PT,114,41
130879,30373-A-1,,USA,ARG,Q1,5:52,10,7,154,USA,341544,Caleb,Gaskins,12,P2,"2PtsFG under the basket, driving layup missed",0,2,2PT,156,34
130879,30373-A-1,,USA,ARG,Q1,5:47,12,7,154,USA,416558,Quentin,Coleman,11,P2,2PtsFG under the basket made,1,2,2PT,140,31
130879,30373-A-1,,USA,ARG,Q1,5:02,12,7,14,ARG,408860,Mateo,Fessia,12,P2,"2PtsFG under the basket, points after turnover, driving layup missed",0,2,2PT,127,35
130879,30373-A-1,,USA,ARG,Q1,5:01,12,7,14,ARG,409021,Elias,Torrens,7,FT,1st of 2 free throws missed,0,1,FT,0,0
130879,30373-A-1,,USA,ARG,Q1,5:01,12,8,14,ARG,409021,Elias,Torrens,7,FT,2nd of 2 free throws made,1,1,FT,0,0
130879,30373-A-1,,USA,ARG,Q1,4:47,12,8,154,USA,410509,Bruce,Branch III,8,P2,"2PtsFG inside right wing, jump shot missed",0,2,2PT,240,39
130879,30373-A-1,,USA,ARG,Q1,4:42,14,8,154,USA,416558,Quentin,Coleman,11,P2,"2PtsFG under the basket, driving layup made",1,2,2PT,150,40
130879,30373-A-1,,USA,ARG,Q1,4:13,14,8,14,ARG,409021,Elias,Torrens,7,P2,"2PtsFG under the basket, layup missed",0,2,2PT,128,30
130879,30373-A-1,,USA,ARG,Q1,4:01,14,8,154,USA,416558,Quentin,Coleman,11,P2,"2PtsFG under the basket, driving layup missed",0,2,2PT,127,30
130879,30373-A-1,,USA,ARG,Q1,3:57,14,8,154,USA,416453,Malachi,Jordan,5,P2,2PtsFG under the basket missed,0,2,2PT,140,31
130879,30373-A-1,,USA,ARG,Q1,3:53,14,8,154,USA,410530,Darius,Wabbington,13,P2,"2PtsFG under the basket, pullup jump shot missed",0,2,2PT,132,44
130879,30373-A-1,,USA,ARG,Q1,3:50,14,8,154,USA,410509,Bruce,Branch III,8,FT,1st of 2 free throws missed,0,1,FT,0,0
130879,30373-A-1,,USA,ARG,Q1,3:50,14,8,154,USA,410509,Bruce,Branch III,8,FT,2nd of 2 free throws missed,0,1,FT,0,0
130879,30373-A-1,,USA,ARG,Q1,3:49,16,8,154,USA,410509,Bruce,Branch III,8,P2,"2PtsFG under the basket, layup made",1,2,2PT,154,45
130879,30373-A-1,,USA,ARG,Q1,3:36,16,8,14,ARG,408857,Joaquin,Caumo,10,P3,3pt jump shot from center missed,0,3,3PT,87,181
130879,30373-A-1,,USA,ARG,Q1,3:02,16,8,14,ARG,408857,Joaquin,Caumo,10,P3,3pt jump shot missed,0,3,3PT,7,19
130879,30373-A-1,,USA,ARG,Q1,2:45,18,8,154,USA,416558,Quentin,Coleman,11,P2,"2PtsFG under the basket, dunk made",1,2,2PT,138,23
130879,30373-A-1,,USA,ARG,Q1,2:22,18,8,14,ARG,362126,Benjamin,Pettovello,32,P2,2pt jump shot missed,0,2,2PT,137,71
130879,30373-A-1,,USA,ARG,Q1,2:14,18,8,154,USA,416447,Demarcus,Henry,14,FT,1st of 2 free throws missed,0,1,FT,0,0
130879,30373-A-1,,USA,ARG,Q1,2:14,18,8,154,USA,416447,Demarcus,Henry,14,FT,2nd of 2 free throws missed,0,1,FT,0,0
130879,30373-A-1,,USA,ARG,Q1,1:48,20,8,154,USA,369232,Taylen,Kinney,4,P2,"2PtsFG under the basket, points from fastbreak + after turnover, driving layup made",1,2,2PT,128,33
130879,30373-A-1,,USA,ARG,Q1,1:24,20,8,14,ARG,408872,Bautista,Gobetti,6,P2,"2PtsFG inside right wing, jump shot missed",0,2,2PT,248,19
130879,30373-A-1,,USA,ARG,Q1,1:18,20,11,14,ARG,408857,Joaquin,Caumo,10,P3,3pt jump shot made,1,3,3PT,7,61
130879,30373-A-1,,USA,ARG,Q1,1:05,23,11,154,USA,416558,Quentin,Coleman,11,P3,3pt jump shot made,1,3,3PT,223,159
130879,30373-A-1,,USA,ARG,Q1,0:41,23,11,14,ARG,409151,Santiago,Pettinaroli,14,P2,2pt driving layup missed,0,2,2PT,138,51
130879,30373-A-1,,USA,ARG,Q1,0:28,23,11,154,USA,416519,Jasiah,Jervis,9,P3,3pt jump shot missed,0,3,3PT,264,81
130879,30373-A-1,,USA,ARG,Q1,0:07,23,11,14,ARG,408857,Joaquin,Caumo,10,P3,3pt jump shot missed,0,3,3PT,207,165
130879,30373-A-1,,USA,ARG,Q2,9:44,23,11,14,ARG,408870,Gonzalo,Aman,8,P2,"2PtsFG under the basket, pullup jump shot missed",0,2,2PT,126,40
130879,30373-A-1,,USA,ARG,Q2,9:38,23,11,154,USA,341544,Caleb,Gaskins,12,P3,3pt jump shot missed,0,3,3PT,41,127
130879,30373-A-1,,USA,ARG,Q2,9:32,23,11,154,USA,410523,Colben,Landrew,7,P2,"2PtsFG under the basket, hook shot missed",0,2,2PT,151,44
130879,30373-A-1,,USA,ARG,Q2,8:52,23,11,154,USA,369232,Taylen,Kinney,4,P3,3pt jump shot missed,0,3,3PT,8,72
130879,30373-A-1,,USA,ARG,Q2,8:40,23,11,14,ARG,408871,Manuel,Hernandez,4,P2,"2PtsFG inside center, jump shot missed",0,2,2PT,132,117
130879,30373-A-1,,USA,ARG,Q2,8:32,23,11,154,USA,410523,Colben,Landrew,7,FT,1st of 2 free throws missed,0,1,FT,0,0
130879,30373-A-1,,USA,ARG,Q2,8:32,24,11,154,USA,410523,Colben,Landrew,7,FT,2nd of 2 free throws made,1,1,FT,0,0
130879,30373-A-1,,USA,ARG,Q2,8:15,24,11,14,ARG,409151,Santiago,Pettinaroli,14,P2,2pt turnaround jump shot missed,0,2,2PT,82,16
130879,30373-A-1,,USA,ARG,Q2,7:41,24,11,154,USA,341544,Caleb,Gaskins,12,P2,2pt fadeaway jump shot missed,0,2,2PT,104,29
130879,30373-A-1,,USA,ARG,Q2,7:35,24,13,14,ARG,408870,Gonzalo,Aman,8,P2,"2PtsFG under the basket, layup made",1,2,2PT,161,35
130879,30373-A-1,,USA,ARG,Q2,7:13,27,13,154,USA,410523,Colben,Landrew,7,P3,3pt jump shot made,1,3,3PT,5,27
130879,30373-A-1,,USA,ARG,Q2,6:47,27,16,14,ARG,408871,Manuel,Hernandez,4,P3,3pt step back jump shot made,1,3,3PT,40,126
130879,30373-A-1,,USA,ARG,Q2,6:40,27,19,14,ARG,409151,Santiago,Pettinaroli,14,P3,3pt jump shot made,1,3,3PT,11,89
130879,30373-A-1,,USA,ARG,Q2,6:24,27,19,154,USA,369232,Taylen,Kinney,4,P3,3pt step back jump shot missed,0,3,3PT,128,174
130879,30373-A-1,,USA,ARG,Q2,6:09,27,22,14,ARG,408871,Manuel,Hernandez,4,P3,3pt jump shot made,1,3,3PT,34,143
130879,30373-A-1,,USA,ARG,Q2,5:53,30,22,154,USA,416446,Adan,Diggs,10,P3,3pt jump shot from center made,1,3,3PT,173,168
130879,30373-A-1,,USA,ARG,Q2,5:49,30,22,154,USA,416453,Malachi,Jordan,5,P2,"2PtsFG under the basket, points after turnover, layup missed",0,2,2PT,151,34
130879,30373-A-1,,USA,ARG,Q2,5:23,30,22,154,USA,410526,Davion,Thompson,6,FT,1st of 2 free throws missed,0,1,FT,0,0
130879,30373-A-1,,USA,ARG,Q2,5:23,31,22,154,USA,410526,Davion,Thompson,6,FT,2nd of 2 free throws made,1,1,FT,0,0
130879,30373-A-1,,USA,ARG,Q2,5:23,31,22,154,USA,416453,Malachi,Jordan,5,P2,"2PtsFG under the basket, points after turnover, pullup jump shot missed",0,2,2PT,156,40
130879,30373-A-1,,USA,ARG,Q2,5:23,31,22,154,USA,416453,Malachi,Jordan,5,P2,"2PtsFG under the basket, points from second chance + after turnover missed",0,2,2PT,140,31
130879,30373-A-1,,USA,ARG,Q2,5:16,31,22,14,ARG,408871,Manuel,Hernandez,4,P3,3pt jump shot missed,0,3,3PT,235,133
130879,30373-A-1,,USA,ARG,Q2,5:16,33,22,154,USA,410509,Bruce,Branch III,8,P2,"2PtsFG under the basket, layup made",1,2,2PT,151,41
130879,30373-A-1,,USA,ARG,Q2,4:56,34,22,154,USA,410509,Bruce,Branch III,8,FT,1st free throw made,1,1,FT,0,0
130879,30373-A-1,,USA,ARG,Q2,4:37,34,24,14,ARG,398746,Roman,Moravansky,11,P2,"2PtsFG under the basket, driving layup made",1,2,2PT,134,33
130879,30373-A-1,,USA,ARG,Q2,4:18,34,24,154,USA,416453,Malachi,Jordan,5,P3,3pt jump shot missed,0,3,3PT,28,111
130879,30373-A-1,,USA,ARG,Q2,4:04,34,24,14,ARG,409023,Joaquin,Celiz,9,P3,3pt jump shot missed,0,3,3PT,205,173
130879,30373-A-1,,USA,ARG,Q2,3:44,34,26,14,ARG,408872,Bautista,Gobetti,6,P2,"2PtsFG under the basket, points after turnover, driving layup made",1,2,2PT,125,33
130879,30373-A-1,,USA,ARG,Q2,3:34,37,26,154,USA,410526,Davion,Thompson,6,P3,3pt step back jump shot made,1,3,3PT,252,108
130879,30373-A-1,,USA,ARG,Q2,3:05,37,26,154,USA,416558,Quentin,Coleman,11,P2,"2PtsFG under the basket, points after turnover, driving layup missed",0,2,2PT,130,31
130879,30373-A-1,,USA,ARG,Q2,2:32,37,26,14,ARG,408872,Bautista,Gobetti,6,P3,3pt jump shot missed,0,3,3PT,210,143
130879,30373-A-1,,USA,ARG,Q2,2:28,37,26,14,ARG,408857,Joaquin,Caumo,10,P3,3pt jump shot missed,0,3,3PT,245,117
130879,30373-A-1,,USA,ARG,Q2,2:19,37,26,14,ARG,408857,Joaquin,Caumo,10,P2,"2PtsFG inside right, points after turnover, jump shot missed",0,2,2PT,210,60
130879,30373-A-1,,USA,ARG,Q2,2:15,37,26,154,USA,410523,Colben,Landrew,7,FT,1st of 2 free throws missed,0,1,FT,0,0
130879,30373-A-1,,USA,ARG,Q2,2:15,38,26,154,USA,410523,Colben,Landrew,7,FT,2nd of 2 free throws made,1,1,FT,0,0
130879,30373-A-1,,USA,ARG,Q2,2:04,38,26,14,ARG,409021,Elias,Torrens,7,P2,"2PtsFG under the basket, hook shot missed",0,2,2PT,140,47
130879,30373-A-1,,USA,ARG,Q2,1:58,39,26,154,USA,416460,Ethan,Taylor,15,FT,1st of 2 free throws made,1,1,FT,0,0
130879,30373-A-1,,USA,ARG,Q2,1:58,39,26,154,USA,416460,Ethan,Taylor,15,FT,2nd of 2 free throws missed,0,1,FT,0,0
130879,30373-A-1,,USA,ARG,Q2,1:51,41,26,154,USA,341544,Caleb,Gaskins,12,P2,"2PtsFG under the basket, points from fastbreak + after turnover, layup made",1,2,2PT,152,27
130879,30373-A-1,,USA,ARG,Q2,1:11,41,26,154,USA,416558,Quentin,Coleman,11,P2,"2PtsFG inside left wing, points after turnover, jump shot missed",0,2,2PT,65,26
130879,30373-A-1,,USA,ARG,Q2,1:07,43,26,154,USA,341544,Caleb,Gaskins,12,P2,"2PtsFG under the basket, points from second chance + after turnover made",1,2,2PT,140,31
130879,30373-A-1,,USA,ARG,Q2,0:52,43,26,14,ARG,408857,Joaquin,Caumo,10,P3,3pt jump shot missed,0,3,3PT,255,92
130879,30373-A-1,,USA,ARG,Q2,0:38,43,26,154,USA,416460,Ethan,Taylor,15,P2,"2PtsFG under the basket, hook shot missed",0,2,2PT,141,36
130879,30373-A-1,,USA,ARG,Q2,0:25,43,26,14,ARG,408857,Joaquin,Caumo,10,P2,"2PtsFG under the basket, reverse lay-up missed",0,2,2PT,125,30
130879,30373-A-1,,USA,ARG,Q2,0:18,43,26,154,USA,410523,Colben,Landrew,7,P2,"2PtsFG under the basket, driving layup missed",0,2,2PT,128,27
130879,30373-A-1,,USA,ARG,Q2,0:11,45,26,154,USA,416446,Adan,Diggs,10,P2,2PtsFG under the basket made,1,2,2PT,140,31
130879,30373-A-1,,USA,ARG,Q2,0:05,45,26,14,ARG,409023,Joaquin,Celiz,9,P2,"2PtsFG under the basket, driving layup missed",0,2,2PT,154,36
130879,30373-A-1,,USA,ARG,Q3,9:47,45,26,154,USA,416446,Adan,Diggs,10,P3,3pt jump shot missed,0,3,3PT,21,88
130879,30373-A-1,,USA,ARG,Q3,9:39,45,26,14,ARG,398746,Roman,Moravansky,11,P2,"2PtsFG under the basket, layup missed",0,2,2PT,123,21
130879,30373-A-1,,USA,ARG,Q3,9:31,45,26,154,USA,410523,Colben,Landrew,7,P3,3pt jump shot missed,0,3,3PT,242,130
130879,30373-A-1,,USA,ARG,Q3,8:43,45,29,14,ARG,409151,Santiago,Pettinaroli,14,P3,"3PtsFG outside right, points from fastbreak + after turnover, jump shot made",1,3,3PT,261,96
130879,30373-A-1,,USA,ARG,Q3,8:25,45,29,154,USA,369232,Taylen,Kinney,4,P2,2pt jump shot missed,0,2,2PT,109,86
130879,30373-A-1,,USA,ARG,Q3,8:05,45,29,14,ARG,408871,Manuel,Hernandez,4,P3,3pt jump shot missed,0,3,3PT,269,30
130879,30373-A-1,,USA,ARG,Q3,8:00,48,29,154,USA,416446,Adan,Diggs,10,P3,3pt jump shot from center made,1,3,3PT,177,178
130879,30373-A-1,,USA,ARG,Q3,7:37,48,32,14,ARG,408870,Gonzalo,Aman,8,P3,3pt jump shot made,1,3,3PT,63,151
130879,30373-A-1,,USA,ARG,Q3,7:20,50,32,154,USA,416460,Ethan,Taylor,15,P2,"2PtsFG under the basket, alley oop dunk made",1,2,2PT,134,25
130879,30373-A-1,,USA,ARG,Q3,7:00,50,34,14,ARG,409151,Santiago,Pettinaroli,14,P2,"2PtsFG under the basket, hook shot made",1,2,2PT,157,44
130879,30373-A-1,,USA,ARG,Q3,6:27,50,34,14,ARG,408870,Gonzalo,Aman,8,P3,3pt step back jump shot missed,0,3,3PT,236,132
130879,30373-A-1,,USA,ARG,Q3,6:16,50,37,14,ARG,409151,Santiago,Pettinaroli,14,P3,"3PtsFG outside left, points from fastbreak + after turnover, jump shot made",1,3,3PT,24,111
130879,30373-A-1,,USA,ARG,Q3,6:01,50,37,154,USA,410523,Colben,Landrew,7,P3,3pt jump shot from center missed,0,3,3PT,194,195
130879,30373-A-1,,USA,ARG,Q3,5:57,50,37,154,USA,416558,Quentin,Coleman,11,P2,2PtsFG under the basket missed,0,2,2PT,140,31
130879,30373-A-1,,USA,ARG,Q3,5:28,52,37,154,USA,410530,Darius,Wabbington,13,P2,"2PtsFG under the basket, points after turnover, pullup jump shot made",1,2,2PT,147,29
130879,30373-A-1,,USA,ARG,Q3,5:28,53,37,154,USA,410530,Darius,Wabbington,13,FT,1st free throw made,1,1,FT,0,0
130879,30373-A-1,,USA,ARG,Q3,5:04,53,37,14,ARG,408871,Manuel,Hernandez,4,P2,"2PtsFG under the basket, driving layup missed",0,2,2PT,162,31
130879,30373-A-1,,USA,ARG,Q3,4:18,53,37,154,USA,410530,Darius,Wabbington,13,P3,3pt jump shot missed,0,3,3PT,36,148
130879,30373-A-1,,USA,ARG,Q3,4:15,53,37,154,USA,416558,Quentin,Coleman,11,P2,"2PtsFG under the basket, points from second chance + after turnover, pullup jump shot missed",0,2,2PT,158,33
130879,30373-A-1,,USA,ARG,Q3,4:10,53,37,154,USA,416453,Malachi,Jordan,5,FT,1st of 2 free throws missed,0,1,FT,0,0
130879,30373-A-1,,USA,ARG,Q3,4:10,54,37,154,USA,416453,Malachi,Jordan,5,FT,2nd of 2 free throws made,1,1,FT,0,0
130879,30373-A-1,,USA,ARG,Q3,3:52,54,37,14,ARG,409151,Santiago,Pettinaroli,14,P3,3pt pullup jump shot missed,0,3,3PT,41,124
130879,30373-A-1,,USA,ARG,Q3,3:43,54,37,154,USA,416558,Quentin,Coleman,11,P2,"2PtsFG under the basket, hook shot missed",0,2,2PT,127,37
130879,30373-A-1,,USA,ARG,Q3,3:40,54,37,14,ARG,408857,Joaquin,Caumo,10,FT,1st free throw missed,0,1,FT,0,0
130879,30373-A-1,,USA,ARG,Q3,3:40,54,37,154,USA,410509,Bruce,Branch III,8,FT,1st of 2 free throws missed,0,1,FT,0,0
130879,30373-A-1,,USA,ARG,Q3,3:40,54,37,154,USA,410509,Bruce,Branch III,8,FT,2nd of 2 free throws missed,0,1,FT,0,0
130879,30373-A-1,,USA,ARG,Q3,3:26,54,37,14,ARG,387025,Lautaro,Basualdo,1,P3,3pt jump shot missed,0,3,3PT,50,127
130879,30373-A-1,,USA,ARG,Q3,3:13,56,37,154,USA,410526,Davion,Thompson,6,P2,"2PtsFG under the basket, layup made",1,2,2PT,118,32
130879,30373-A-1,,USA,ARG,Q3,2:56,56,37,14,ARG,362126,Benjamin,Pettovello,32,P2,"2PtsFG under the basket, layup missed",0,2,2PT,148,42
130879,30373-A-1,,USA,ARG,Q3,2:44,58,37,154,USA,410509,Bruce,Branch III,8,P2,"2PtsFG under the basket, dunk made",1,2,2PT,138,31
130879,30373-A-1,,USA,ARG,Q3,2:26,58,39,14,ARG,408857,Joaquin,Caumo,10,P2,2pt turnaround jump shot made,1,2,2PT,148,56
130879,30373-A-1,,USA,ARG,Q3,2:18,58,39,154,USA,410526,Davion,Thompson,6,FT,1st of 2 free throws missed,0,1,FT,0,0
130879,30373-A-1,,USA,ARG,Q3,2:18,59,39,154,USA,410526,Davion,Thompson,6,FT,2nd of 2 free throws made,1,1,FT,0,0
130879,30373-A-1,,USA,ARG,Q3,2:09,59,39,14,ARG,408857,Joaquin,Caumo,10,P3,3pt jump shot from center missed,0,3,3PT,155,177
130879,30373-A-1,,USA,ARG,Q3,1:48,59,39,154,USA,416447,Demarcus,Henry,14,P3,3pt jump shot from center missed,0,3,3PT,75,188
130879,30373-A-1,,USA,ARG,Q3,1:34,61,39,154,USA,416446,Adan,Diggs,10,P2,"2PtsFG under the basket, driving layup made",1,2,2PT,128,34
130879,30373-A-1,,USA,ARG,Q3,1:16,61,39,14,ARG,408857,Joaquin,Caumo,10,P3,3pt step back jump shot missed,0,3,3PT,266,33
130879,30373-A-1,,USA,ARG,Q3,1:01,61,39,14,ARG,408860,Mateo,Fessia,12,P2,2pt driving layup missed,0,2,2PT,159,48
130879,30373-A-1,,USA,ARG,Q3,0:56,61,39,14,ARG,362126,Benjamin,Pettovello,32,P2,"2PtsFG under the basket, points from second chance + after turnover missed",0,2,2PT,140,31
130879,30373-A-1,,USA,ARG,Q3,0:47,61,39,154,USA,416446,Adan,Diggs,10,P3,3pt jump shot missed,0,3,3PT,211,147
130879,30373-A-1,,USA,ARG,Q3,0:40,61,39,154,USA,416460,Ethan,Taylor,15,FT,1st of 2 free throws missed,0,1,FT,0,0
130879,30373-A-1,,USA,ARG,Q3,0:40,61,39,154,USA,416460,Ethan,Taylor,15,FT,2nd of 2 free throws missed,0,1,FT,0,0
130879,30373-A-1,,USA,ARG,Q3,0:11,63,39,154,USA,341544,Caleb,Gaskins,12,P2,"2PtsFG under the basket, points after turnover, eurostep made",1,2,2PT,135,38
130879,30373-A-1,,USA,ARG,Q3,0:00,63,40,14,ARG,409023,Joaquin,Celiz,9,FT,1st of 2 free throws made,1,1,FT,0,0
130879,30373-A-1,,USA,ARG,Q3,0:00,63,41,14,ARG,409023,Joaquin,Celiz,9,FT,2nd of 2 free throws made,1,1,FT,0,0
130879,30373-A-1,,USA,ARG,Q3,0:00,63,41,154,USA,416519,Jasiah,Jervis,9,P3,"3PtsFG back court, jump shot missed",0,3,3PT,115,71
130879,30373-A-1,,USA,ARG,Q4,9:49,63,42,14,ARG,409021,Elias,Torrens,7,FT,1st of 2 free throws made,1,1,FT,0,0
130879,30373-A-1,,USA,ARG,Q4,9:49,63,42,14,ARG,409021,Elias,Torrens,7,FT,2nd of 2 free throws missed,0,1,FT,0,0
130879,30373-A-1,,USA,ARG,Q4,9:27,63,42,154,USA,410523,Colben,Landrew,7,P2,"2PtsFG under the basket, pullup jump shot missed",0,2,2PT,156,39
130879,30373-A-1,,USA,ARG,Q4,9:12,63,42,14,ARG,409021,Elias,Torrens,7,P2,"2PtsFG under the basket, reverse lay-up missed",0,2,2PT,132,24
130879,30373-A-1,,USA,ARG,Q4,9:11,63,44,14,ARG,409021,Elias,Torrens,7,P2,"2PtsFG under the basket, pullup jump shot made",1,2,2PT,153,30
130879,30373-A-1,,USA,ARG,Q4,9:11,63,45,14,ARG,409021,Elias,Torrens,7,FT,free throw made,1,1,FT,0,0
130879,30373-A-1,,USA,ARG,Q4,9:00,63,45,154,USA,410523,Colben,Landrew,7,P3,3pt jump shot from center missed,0,3,3PT,132,172
130879,30373-A-1,,USA,ARG,Q4,8:38,63,45,14,ARG,398746,Roman,Moravansky,11,P2,2pt pullup jump shot missed,0,2,2PT,132,77
130879,30373-A-1,,USA,ARG,Q4,8:29,63,45,154,USA,410523,Colben,Landrew,7,P3,3pt jump shot missed,0,3,3PT,10,16
130879,30373-A-1,,USA,ARG,Q4,8:19,63,47,14,ARG,408870,Gonzalo,Aman,8,P2,"2PtsFG under the basket, driving layup made",1,2,2PT,157,34
130879,30373-A-1,,USA,ARG,Q4,8:04,64,47,154,USA,410530,Darius,Wabbington,13,FT,1st of 2 free throws made,1,1,FT,0,0
130879,30373-A-1,,USA,ARG,Q4,8:04,65,47,154,USA,410530,Darius,Wabbington,13,FT,2nd of 2 free throws made,1,1,FT,0,0
130879,30373-A-1,,USA,ARG,Q4,7:56,65,47,14,ARG,408870,Gonzalo,Aman,8,P2,"2PtsFG under the basket, pullup jump shot missed",0,2,2PT,152,47
130879,30373-A-1,,USA,ARG,Q4,7:47,65,47,14,ARG,408860,Mateo,Fessia,12,P3,3pt jump shot missed,0,3,3PT,28,110
130879,30373-A-1,,USA,ARG,Q4,7:28,67,47,154,USA,369232,Taylen,Kinney,4,P2,"2PtsFG under the basket, driving layup made",1,2,2PT,117,34
130879,30373-A-1,,USA,ARG,Q4,7:14,67,49,14,ARG,408870,Gonzalo,Aman,8,P2,"2PtsFG inside center, jump shot made",1,2,2PT,173,109
130879,30373-A-1,,USA,ARG,Q4,6:58,69,49,154,USA,341544,Caleb,Gaskins,12,P2,"2PtsFG under the basket, layup made",1,2,2PT,124,46
130879,30373-A-1,,USA,ARG,Q4,6:40,69,49,14,ARG,409021,Elias,Torrens,7,P2,"2PtsFG under the basket, hook shot missed",0,2,2PT,138,48
130879,30373-A-1,,USA,ARG,Q4,6:19,70,49,154,USA,410530,Darius,Wabbington,13,FT,1st of 2 free throws made,1,1,FT,0,0
130879,30373-A-1,,USA,ARG,Q4,6:19,71,49,154,USA,410530,Darius,Wabbington,13,FT,2nd of 2 free throws made,1,1,FT,0,0
130879,30373-A-1,,USA,ARG,Q4,5:47,71,49,154,USA,416446,Adan,Diggs,10,P2,2pt step back jump shot missed,0,2,2PT,209,64
130879,30373-A-1,,USA,ARG,Q4,5:37,71,49,14,ARG,408857,Joaquin,Caumo,10,P3,3pt jump shot missed,0,3,3PT,67,149
130879,30373-A-1,,USA,ARG,Q4,5:23,73,49,154,USA,410526,Davion,Thompson,6,P2,"2PtsFG under the basket, layup made",1,2,2PT,155,23
130879,30373-A-1,,USA,ARG,Q4,5:04,73,49,14,ARG,398746,Roman,Moravansky,11,P2,2pt driving layup missed,0,2,2PT,168,53
130879,30373-A-1,,USA,ARG,Q4,4:58,75,49,154,USA,416558,Quentin,Coleman,11,P2,"2PtsFG under the basket, fast break, layup made",1,2,2PT,126,38
130879,30373-A-1,,USA,ARG,Q4,4:19,75,49,154,USA,410526,Davion,Thompson,6,P2,2pt driving layup missed,0,2,2PT,112,33
130879,30373-A-1,,USA,ARG,Q4,4:07,75,49,14,ARG,408872,Bautista,Gobetti,6,P3,3pt jump shot missed,0,3,3PT,9,11
130879,30373-A-1,,USA,ARG,Q4,3:48,75,49,154,USA,410526,Davion,Thompson,6,P3,3pt jump shot missed,0,3,3PT,40,141
130879,30373-A-1,,USA,ARG,Q4,3:42,77,49,154,USA,416447,Demarcus,Henry,14,P2,"2PtsFG under the basket, dunk made",1,2,2PT,138,28
130879,30373-A-1,,USA,ARG,Q4,3:25,77,51,14,ARG,362126,Benjamin,Pettovello,32,P2,"2PtsFG under the basket, pullup jump shot made",1,2,2PT,136,49
130879,30373-A-1,,USA,ARG,Q4,3:12,77,51,154,USA,416558,Quentin,Coleman,11,P3,3pt jump shot from center missed,0,3,3PT,152,173
130879,30373-A-1,,USA,ARG,Q4,3:05,77,51,14,ARG,362126,Benjamin,Pettovello,32,FT,1st of 2 free throws missed,0,1,FT,0,0
130879,30373-A-1,,USA,ARG,Q4,3:05,77,52,14,ARG,362126,Benjamin,Pettovello,32,FT,2nd of 2 free throws made,1,1,FT,0,0
130879,30373-A-1,,USA,ARG,Q4,3:05,77,52,154,USA,410509,Bruce,Branch III,8,P3,3pt jump shot missed,0,3,3PT,267,22
130879,30373-A-1,,USA,ARG,Q4,2:47,77,52,154,USA,416519,Jasiah,Jervis,9,P3,3pt jump shot missed,0,3,3PT,270,25
130879,30373-A-1,,USA,ARG,Q4,2:40,77,52,14,ARG,409023,Joaquin,Celiz,9,FT,1st free throw missed,0,1,FT,0,0
130879,30373-A-1,,USA,ARG,Q4,2:40,77,52,154,USA,416460,Ethan,Taylor,15,FT,1st of 2 free throws missed,0,1,FT,0,0
130879,30373-A-1,,USA,ARG,Q4,2:40,78,52,154,USA,416460,Ethan,Taylor,15,FT,2nd of 2 free throws made,1,1,FT,0,0
130879,30373-A-1,,USA,ARG,Q4,2:28,78,54,14,ARG,408857,Joaquin,Caumo,10,P2,"2PtsFG under the basket, driving layup made",1,2,2PT,123,30
130879,30373-A-1,,USA,ARG,Q4,2:16,80,54,154,USA,416453,Malachi,Jordan,5,P2,"2PtsFG under the basket, driving layup made",1,2,2PT,163,32
130879,30373-A-1,,USA,ARG,Q4,1:51,80,54,154,USA,416519,Jasiah,Jervis,9,P2,"2PtsFG under the basket, points after turnover, reverse lay-up missed",0,2,2PT,157,40
130879,30373-A-1,,USA,ARG,Q4,1:45,82,54,154,USA,410530,Darius,Wabbington,13,P2,"2PtsFG under the basket, points from second chance + after turnover, pullup jump shot made",1,2,2PT,153,37
130879,30373-A-1,,USA,ARG,Q4,1:40,83,54,154,USA,410530,Darius,Wabbington,13,FT,1st of 1 free throw made,1,1,FT,0,0
130879,30373-A-1,,USA,ARG,Q4,1:31,83,56,14,ARG,409023,Joaquin,Celiz,9,P2,"2PtsFG under the basket, driving layup made",1,2,2PT,151,33
130879,30373-A-1,,USA,ARG,Q4,1:10,85,56,154,USA,410530,Darius,Wabbington,13,P2,"2PtsFG under the basket, points after turnover, layup made",1,2,2PT,152,32
130879,30373-A-1,,USA,ARG,Q4,0:54,86,56,154,USA,410526,Davion,Thompson,6,FT,Free throw made 1 of 2,1,1,FT,0,0
130879,30373-A-1,,USA,ARG,Q4,0:54,87,56,154,USA,410526,Davion,Thompson,6,FT,Free throw made 2 of 2,1,1,FT,0,0
130879,30373-A-1,,USA,ARG,Q4,0:33,87,56,14,ARG,409023,Joaquin,Celiz,9,P3,3pt jump shot missed,0,3,3PT,73,163
130879,30373-A-1,,USA,ARG,Q4,0:24,87,56,154,USA,416447,Demarcus,Henry,14,P3,3pt jump shot missed,0,3,3PT,4,43
130879,30373-A-1,,USA,ARG,Q4,0:18,87,58,14,ARG,408871,Manuel,Hernandez,4,P2,"2PtsFG under the basket, fast break, layup made",1,2,2PT,159,31
130879,30373-A-1,,USA,ARG,Q4,0:07,88,58,154,USA,416453,Malachi,Jordan,5,FT,1st of 2 free throws made,1,1,FT,0,0
130879,30373-A-1,,USA,ARG,Q4,0:07,88,58,154,USA,416453,Malachi,Jordan,5,FT,2nd of 2 free throws missed,0,1,FT,0,0
130879,30373-A-1,,USA,ARG,Q4,0:01,88,58,14,ARG,408871,Manuel,Hernandez,4,P3,3pt jump shot missed,0,3,3PT,275,28
130877,30373-A-2,,BRA,MEX,Q1,9:55,2,0,27,BRA,330039,Joao,Neves,14,P2,"2PtsFG under the basket, fast break, layup made",1,2,2PT,151,35
130877,30373-A-2,,BRA,MEX,Q1,9:37,2,0,104,MEX,369235,Adrien,Porras,12,P2,2pt fadeaway jump shot missed,0,2,2PT,214,38
130877,30373-A-2,,BRA,MEX,Q1,9:28,5,0,27,BRA,330047,Pedro,Souza,11,P3,3pt jump shot made,1,3,3PT,7,32
130877,30373-A-2,,BRA,MEX,Q1,9:12,5,0,104,MEX,377100,Ayrton,Vallejo,24,P3,3pt jump shot missed,0,3,3PT,14,84
130877,30373-A-2,,BRA,MEX,Q1,8:45,5,2,104,MEX,369235,Adrien,Porras,12,P2,"2PtsFG under the basket, points after turnover, layup made",1,2,2PT,138,37
130877,30373-A-2,,BRA,MEX,Q1,8:30,5,2,27,BRA,330047,Pedro,Souza,11,P2,2pt driving layup missed,0,2,2PT,127,49
130877,30373-A-2,,BRA,MEX,Q1,8:17,5,2,27,BRA,393861,Michael,Pereira,15,P2,2pt hook shot missed,0,2,2PT,145,50
130877,30373-A-2,,BRA,MEX,Q1,8:13,7,2,27,BRA,405101,Pietro,Melo,10,P2,"2PtsFG under the basket, layup made",1,2,2PT,136,40
130877,30373-A-2,,BRA,MEX,Q1,8:03,7,4,104,MEX,377234,Yair,Olano,10,P2,"2PtsFG under the basket, layup made",1,2,2PT,144,34
130877,30373-A-2,,BRA,MEX,Q1,7:49,7,4,27,BRA,330039,Joao,Neves,14,P3,3pt jump shot from center missed,0,3,3PT,119,180
130877,30373-A-2,,BRA,MEX,Q1,7:37,8,4,27,BRA,330047,Pedro,Souza,11,FT,1st of 2 free throws made,1,1,FT,0,0
130877,30373-A-2,,BRA,MEX,Q1,7:37,8,4,27,BRA,330047,Pedro,Souza,11,FT,2nd of 2 free throws missed,0,1,FT,0,0
130877,30373-A-2,,BRA,MEX,Q1,7:29,8,4,27,BRA,405101,Pietro,Melo,10,P3,3pt jump shot missed,0,3,3PT,20,120
130877,30373-A-2,,BRA,MEX,Q1,7:21,10,4,27,BRA,330039,Joao,Neves,14,P2,"2PtsFG under the basket, driving layup made",1,2,2PT,152,30
130877,30373-A-2,,BRA,MEX,Q1,7:02,10,4,104,MEX,377234,Yair,Olano,10,P2,2pt jump shot missed,0,2,2PT,182,104
130877,30373-A-2,,BRA,MEX,Q1,6:47,10,4,27,BRA,331414,Isaiah,Santos,7,P3,3pt jump shot missed,0,3,3PT,269,43
130877,30373-A-2,,BRA,MEX,Q1,6:32,10,4,27,BRA,405101,Pietro,Melo,10,P3,3pt jump shot missed,0,3,3PT,188,164
130877,30373-A-2,,BRA,MEX,Q1,6:21,10,6,104,MEX,417033,Pedro,Villanueva,9,P2,"2PtsFG inside center, jump shot made",1,2,2PT,146,113
130877,30373-A-2,,BRA,MEX,Q1,6:04,10,6,27,BRA,330039,Joao,Neves,14,P3,3pt jump shot missed,0,3,3PT,205,161
130877,30373-A-2,,BRA,MEX,Q1,5:57,13,6,27,BRA,405101,Pietro,Melo,10,P3,3pt jump shot made,1,3,3PT,40,116
130877,30373-A-2,,BRA,MEX,Q1,5:37,15,6,27,BRA,330039,Joao,Neves,14,P2,"2PtsFG under the basket, points from fastbreak + after turnover, dunk made",1,2,2PT,139,29
130877,30373-A-2,,BRA,MEX,Q1,5:21,15,6,104,MEX,417033,Pedro,Villanueva,9,P2,"2PtsFG inside right wing, jump shot missed",0,2,2PT,222,38
130877,30373-A-2,,BRA,MEX,Q1,5:14,15,6,27,BRA,416911,Nicolas,Cunha,3,P2,"2PtsFG under the basket, driving layup missed",0,2,2PT,157,23
130877,30373-A-2,,BRA,MEX,Q1,5:08,17,6,27,BRA,393861,Michael,Pereira,15,P2,2PtsFG under the basket made,1,2,2PT,140,31
130877,30373-A-2,,BRA,MEX,Q1,4:45,17,6,27,BRA,416911,Nicolas,Cunha,3,P3,3pt jump shot missed,0,3,3PT,49,132
130877,30373-A-2,,BRA,MEX,Q1,4:45,17,6,27,BRA,383772,Bruno,Solano,12,FT,1st of 2 free throws missed,0,1,FT,0,0
130877,30373-A-2,,BRA,MEX,Q1,4:45,17,6,27,BRA,383772,Bruno,Solano,12,FT,2nd of 2 free throws missed,0,1,FT,0,0
130877,30373-A-2,,BRA,MEX,Q1,4:38,17,6,104,MEX,417033,Pedro,Villanueva,9,P2,"2PtsFG under the basket, turnaround jump shot missed",0,2,2PT,147,45
130877,30373-A-2,,BRA,MEX,Q1,4:34,19,6,27,BRA,416911,Nicolas,Cunha,3,P2,"2PtsFG under the basket, fast break, layup made",1,2,2PT,134,32
130877,30373-A-2,,BRA,MEX,Q1,4:09,19,6,104,MEX,417036,Emiliano,Bernal,21,P3,3pt jump shot missed,0,3,3PT,224,148
130877,30373-A-2,,BRA,MEX,Q1,4:02,19,6,27,BRA,331414,Isaiah,Santos,7,P2,"2PtsFG under the basket, driving layup missed",0,2,2PT,148,35
130877,30373-A-2,,BRA,MEX,Q1,3:44,19,6,104,MEX,416257,Isaiah,Barnes,25,P3,3pt jump shot missed,0,3,3PT,239,146
130877,30373-A-2,,BRA,MEX,Q1,3:32,19,6,27,BRA,405101,Pietro,Melo,10,P3,3pt jump shot missed,0,3,3PT,61,157
130877,30373-A-2,,BRA,MEX,Q1,3:28,19,6,27,BRA,416911,Nicolas,Cunha,3,P2,"2PtsFG under the basket, floating jump shot missed",0,2,2PT,147,43
130877,30373-A-2,,BRA,MEX,Q1,3:18,19,8,104,MEX,377100,Ayrton,Vallejo,24,P2,"2PtsFG under the basket, layup made",1,2,2PT,138,28
130877,30373-A-2,,BRA,MEX,Q1,2:45,19,8,104,MEX,377100,Ayrton,Vallejo,24,P3,3pt jump shot missed,0,3,3PT,62,146
130877,30373-A-2,,BRA,MEX,Q1,2:28,19,10,104,MEX,416258,Cisco,Muñoz,0,P2,"2PtsFG under the basket, points from fastbreak + after turnover, driving layup made",1,2,2PT,144,41
130877,30373-A-2,,BRA,MEX,Q1,2:14,21,10,27,BRA,383772,Bruno,Solano,12,P2,"2PtsFG under the basket, turnaround jump shot made",1,2,2PT,135,27
130877,30373-A-2,,BRA,MEX,Q1,1:49,21,10,27,BRA,405082,Caio,Mathias,2,P3,3pt jump shot missed,0,3,3PT,9,39
130877,30373-A-2,,BRA,MEX,Q1,1:49,22,10,27,BRA,375131,Lucas,Moro,8,FT,1st of 2 free throws made,1,1,FT,0,0
130877,30373-A-2,,BRA,MEX,Q1,1:49,23,10,27,BRA,375131,Lucas,Moro,8,FT,2nd of 2 free throws made,1,1,FT,0,0
130877,30373-A-2,,BRA,MEX,Q1,1:33,23,13,104,MEX,377100,Ayrton,Vallejo,24,P3,3pt jump shot made,1,3,3PT,233,146
130877,30373-A-2,,BRA,MEX,Q1,1:11,23,13,27,BRA,416911,Nicolas,Cunha,3,P3,3pt jump shot from center missed,0,3,3PT,186,170
130877,30373-A-2,,BRA,MEX,Q1,0:54,23,13,104,MEX,416258,Cisco,Muñoz,0,P2,"2PtsFG under the basket, driving layup missed",0,2,2PT,143,45
130877,30373-A-2,,BRA,MEX,Q1,0:52,23,13,27,BRA,393068,Fernando,Varallo,4,FT,1st of 2 free throws missed,0,1,FT,0,0
130877,30373-A-2,,BRA,MEX,Q1,0:52,24,13,27,BRA,393068,Fernando,Varallo,4,FT,2nd of 2 free throws made,1,1,FT,0,0
130877,30373-A-2,,BRA,MEX,Q1,0:35,24,15,104,MEX,417035,Elias,Ramos,14,P2,"2PtsFG under the basket, driving layup made",1,2,2PT,143,29
130877,30373-A-2,,BRA,MEX,Q1,0:14,27,15,27,BRA,375131,Lucas,Moro,8,P3,3pt jump shot made,1,3,3PT,6,27
130877,30373-A-2,,BRA,MEX,Q1,0:03,27,15,104,MEX,417035,Elias,Ramos,14,P2,"2PtsFG inside center, jump shot missed",0,2,2PT,121,112
130877,30373-A-2,,BRA,MEX,Q1,0:01,27,16,104,MEX,416257,Isaiah,Barnes,25,FT,Free throw made 1 of 3,1,1,FT,0,0
130877,30373-A-2,,BRA,MEX,Q1,0:01,27,16,104,MEX,416257,Isaiah,Barnes,25,FT,Free throw missed 2 of 3,0,1,FT,0,0
130877,30373-A-2,,BRA,MEX,Q1,0:01,27,17,104,MEX,416257,Isaiah,Barnes,25,FT,Free throw made 3 of 3,1,1,FT,0,0
130877,30373-A-2,,BRA,MEX,Q2,9:46,27,17,104,MEX,416257,Isaiah,Barnes,25,FT,1st of 2 free throws missed,0,1,FT,0,0
130877,30373-A-2,,BRA,MEX,Q2,9:46,27,18,104,MEX,416257,Isaiah,Barnes,25,FT,2nd of 2 free throws made,1,1,FT,0,0
130877,30373-A-2,,BRA,MEX,Q2,9:11,27,18,104,MEX,417035,Elias,Ramos,14,P3,3pt step back jump shot missed,0,3,3PT,114,172
130877,30373-A-2,,BRA,MEX,Q2,8:52,27,18,27,BRA,330039,Joao,Neves,14,P3,3pt jump shot missed,0,3,3PT,276,58
130877,30373-A-2,,BRA,MEX,Q2,8:34,27,18,104,MEX,416258,Cisco,Muñoz,0,P3,3pt jump shot from center missed,0,3,3PT,172,165
130877,30373-A-2,,BRA,MEX,Q2,8:18,29,18,27,BRA,330047,Pedro,Souza,11,P2,"2PtsFG inside center, jump shot made",1,2,2PT,118,111
130877,30373-A-2,,BRA,MEX,Q2,8:09,29,21,104,MEX,416257,Isaiah,Barnes,25,P3,3pt jump shot made,1,3,3PT,210,174
130877,30373-A-2,,BRA,MEX,Q2,7:39,29,21,104,MEX,416257,Isaiah,Barnes,25,P3,3pt jump shot missed,0,3,3PT,186,163
130877,30373-A-2,,BRA,MEX,Q2,7:19,29,21,27,BRA,405101,Pietro,Melo,10,P2,"2PtsFG under the basket, floating jump shot missed",0,2,2PT,141,40
130877,30373-A-2,,BRA,MEX,Q2,7:00,29,21,104,MEX,416257,Isaiah,Barnes,25,P3,3pt jump shot missed,0,3,3PT,221,152
130877,30373-A-2,,BRA,MEX,Q2,6:54,29,21,27,BRA,330047,Pedro,Souza,11,FT,1st of 2 free throws missed,0,1,FT,0,0
130877,30373-A-2,,BRA,MEX,Q2,6:54,30,21,27,BRA,330047,Pedro,Souza,11,FT,2nd of 2 free throws made,1,1,FT,0,0
130877,30373-A-2,,BRA,MEX,Q2,6:36,30,21,104,MEX,369235,Adrien,Porras,12,P2,"2PtsFG under the basket, layup missed",0,2,2PT,125,42
130877,30373-A-2,,BRA,MEX,Q2,6:28,30,23,104,MEX,416257,Isaiah,Barnes,25,P2,"2PtsFG under the basket, points from fastbreak + after turnover, floating jump shot made",1,2,2PT,142,42
130877,30373-A-2,,BRA,MEX,Q2,6:13,30,23,27,BRA,331414,Isaiah,Santos,7,P3,3pt jump shot missed,0,3,3PT,12,83
130877,30373-A-2,,BRA,MEX,Q2,5:58,30,23,104,MEX,369235,Adrien,Porras,12,P3,3pt jump shot missed,0,3,3PT,31,124
130877,30373-A-2,,BRA,MEX,Q2,5:40,32,23,27,BRA,331414,Isaiah,Santos,7,P2,"2PtsFG under the basket, points from fastbreak + after turnover, driving layup made",1,2,2PT,145,28
130877,30373-A-2,,BRA,MEX,Q2,5:22,32,23,104,MEX,416258,Cisco,Muñoz,0,P2,"2PtsFG inside center, jump shot missed",0,2,2PT,147,127
130877,30373-A-2,,BRA,MEX,Q2,5:11,32,23,27,BRA,330047,Pedro,Souza,11,P2,"2PtsFG under the basket, floating jump shot missed",0,2,2PT,133,35
130877,30373-A-2,,BRA,MEX,Q2,4:57,32,25,104,MEX,377100,Ayrton,Vallejo,24,P2,"2PtsFG under the basket, reverse lay-up made",1,2,2PT,127,34
130877,30373-A-2,,BRA,MEX,Q2,4:46,32,25,27,BRA,330039,Joao,Neves,14,P3,3pt jump shot missed,0,3,3PT,5,36
130877,30373-A-2,,BRA,MEX,Q2,4:41,34,25,27,BRA,331414,Isaiah,Santos,7,P2,2PtsFG under the basket made,1,2,2PT,140,31
130877,30373-A-2,,BRA,MEX,Q2,4:22,34,25,27,BRA,330047,Pedro,Souza,11,P3,3pt jump shot missed,0,3,3PT,236,142
130877,30373-A-2,,BRA,MEX,Q2,4:13,34,25,27,BRA,393861,Michael,Pereira,15,FT,1st of 2 free throws missed,0,1,FT,0,0
130877,30373-A-2,,BRA,MEX,Q2,4:13,34,25,27,BRA,393861,Michael,Pereira,15,FT,2nd of 2 free throws missed,0,1,FT,0,0
130877,30373-A-2,,BRA,MEX,Q2,4:11,34,25,27,BRA,330047,Pedro,Souza,11,FT,1st of 2 free throws missed,0,1,FT,0,0
130877,30373-A-2,,BRA,MEX,Q2,4:11,35,25,27,BRA,330047,Pedro,Souza,11,FT,2nd of 2 free throws made,1,1,FT,0,0
130877,30373-A-2,,BRA,MEX,Q2,4:02,35,27,104,MEX,416257,Isaiah,Barnes,25,P2,"2PtsFG under the basket, driving layup made",1,2,2PT,142,34
130877,30373-A-2,,BRA,MEX,Q2,4:02,35,28,104,MEX,416257,Isaiah,Barnes,25,FT,1st free throw made,1,1,FT,0,0
130877,30373-A-2,,BRA,MEX,Q2,3:45,35,28,27,BRA,330047,Pedro,Souza,11,P3,3pt jump shot missed,0,3,3PT,269,45
130877,30373-A-2,,BRA,MEX,Q2,3:34,35,30,104,MEX,416257,Isaiah,Barnes,25,P2,"2PtsFG under the basket, driving layup made",1,2,2PT,138,32
130877,30373-A-2,,BRA,MEX,Q2,3:18,37,30,27,BRA,331414,Isaiah,Santos,7,P2,"2PtsFG under the basket, driving layup made",1,2,2PT,145,31
130877,30373-A-2,,BRA,MEX,Q2,3:18,38,30,27,BRA,331414,Isaiah,Santos,7,FT,1st free throw made,1,1,FT,0,0
130877,30373-A-2,,BRA,MEX,Q2,3:02,38,30,104,MEX,417033,Pedro,Villanueva,9,P2,"2PtsFG under the basket, driving layup missed",0,2,2PT,143,38
130877,30373-A-2,,BRA,MEX,Q2,2:59,38,30,104,MEX,416181,Andre,Alvarez,6,P2,"2PtsFG under the basket, jump shot missed",0,2,2PT,128,38
130877,30373-A-2,,BRA,MEX,Q2,2:46,38,30,27,BRA,330039,Joao,Neves,14,P3,3pt jump shot missed,0,3,3PT,77,155
130877,30373-A-2,,BRA,MEX,Q2,2:42,38,30,27,BRA,393068,Fernando,Varallo,4,P2,"2PtsFG under the basket, jump shot missed",0,2,2PT,147,39
130877,30373-A-2,,BRA,MEX,Q2,2:35,38,30,104,MEX,416257,Isaiah,Barnes,25,P2,"2PtsFG under the basket, driving layup missed",0,2,2PT,134,41
130877,30373-A-2,,BRA,MEX,Q2,2:32,38,32,104,MEX,416257,Isaiah,Barnes,25,P2,2PtsFG under the basket made,1,2,2PT,140,31
130877,30373-A-2,,BRA,MEX,Q2,2:21,38,32,27,BRA,331414,Isaiah,Santos,7,FT,1st of 2 free throws missed,0,1,FT,0,0
130877,30373-A-2,,BRA,MEX,Q2,2:21,39,32,27,BRA,331414,Isaiah,Santos,7,FT,2nd of 2 free throws made,1,1,FT,0,0
130877,30373-A-2,,BRA,MEX,Q2,2:05,39,32,104,MEX,416257,Isaiah,Barnes,25,P3,3pt jump shot from center missed,0,3,3PT,168,184
130877,30373-A-2,,BRA,MEX,Q2,2:01,39,34,104,MEX,416257,Isaiah,Barnes,25,P2,"2PtsFG under the basket, layup made",1,2,2PT,139,32
130877,30373-A-2,,BRA,MEX,Q2,1:44,39,34,27,BRA,416911,Nicolas,Cunha,3,P3,3pt jump shot missed,0,3,3PT,6,39
130877,30373-A-2,,BRA,MEX,Q2,1:27,39,34,104,MEX,417033,Pedro,Villanueva,9,P2,"2PtsFG inside center, jump shot missed",0,2,2PT,189,113
130877,30373-A-2,,BRA,MEX,Q2,1:18,41,34,27,BRA,393068,Fernando,Varallo,4,P2,"2PtsFG under the basket, dunk made",1,2,2PT,141,36
130877,30373-A-2,,BRA,MEX,Q2,1:03,41,34,104,MEX,416129,Juan,Escalante,5,P2,"2PtsFG inside center, jump shot missed",0,2,2PT,139,138
130877,30373-A-2,,BRA,MEX,Q2,0:42,41,34,104,MEX,416257,Isaiah,Barnes,25,P2,"2PtsFG under the basket, points after turnover, driving layup missed",0,2,2PT,141,34
130877,30373-A-2,,BRA,MEX,Q2,0:41,41,36,104,MEX,416257,Isaiah,Barnes,25,P2,"2PtsFG under the basket, points from second chance + fastbreak + after turnover, layup made",1,2,2PT,130,29
130877,30373-A-2,,BRA,MEX,Q2,0:28,41,36,27,BRA,405101,Pietro,Melo,10,P3,3pt jump shot missed,0,3,3PT,50,148
130877,30373-A-2,,BRA,MEX,Q2,0:16,41,36,27,BRA,405101,Pietro,Melo,10,FT,1st of 2 free throws missed,0,1,FT,0,0
130877,30373-A-2,,BRA,MEX,Q2,0:16,42,36,27,BRA,405101,Pietro,Melo,10,FT,2nd of 2 free throws made,1,1,FT,0,0
130877,30373-A-2,,BRA,MEX,Q2,0:02,42,36,104,MEX,417033,Pedro,Villanueva,9,P2,2pt jump shot missed,0,2,2PT,115,86
130877,30373-A-2,,BRA,MEX,Q3,9:45,42,36,27,BRA,393861,Michael,Pereira,15,P2,"2PtsFG under the basket, hook shot missed",0,2,2PT,144,26
130877,30373-A-2,,BRA,MEX,Q3,9:36,42,38,104,MEX,417033,Pedro,Villanueva,9,P2,"2PtsFG under the basket, layup made",1,2,2PT,136,34
130877,30373-A-2,,BRA,MEX,Q3,9:24,45,38,27,BRA,330039,Joao,Neves,14,P3,3pt jump shot made,1,3,3PT,272,29
130877,30373-A-2,,BRA,MEX,Q3,9:02,45,40,104,MEX,416258,Cisco,Muñoz,0,P2,"2PtsFG under the basket, driving layup made",1,2,2PT,156,28
130877,30373-A-2,,BRA,MEX,Q3,9:01,45,40,104,MEX,416258,Cisco,Muñoz,0,FT,1st free throw missed,0,1,FT,0,0
130877,30373-A-2,,BRA,MEX,Q3,8:43,45,40,27,BRA,405101,Pietro,Melo,10,P2,"2PtsFG under the basket, floating jump shot missed",0,2,2PT,135,25
130877,30373-A-2,,BRA,MEX,Q3,8:22,45,40,104,MEX,416258,Cisco,Muñoz,0,P2,"2PtsFG under the basket, driving layup missed",0,2,2PT,149,23
130877,30373-A-2,,BRA,MEX,Q3,8:10,47,40,27,BRA,330047,Pedro,Souza,11,P2,"2PtsFG under the basket, driving layup made",1,2,2PT,134,39
130877,30373-A-2,,BRA,MEX,Q3,7:57,47,40,104,MEX,417033,Pedro,Villanueva,9,P2,"2PtsFG under the basket, floating jump shot missed",0,2,2PT,142,41
130877,30373-A-2,,BRA,MEX,Q3,7:48,47,40,27,BRA,405101,Pietro,Melo,10,P3,3pt jump shot missed,0,3,3PT,11,64
130877,30373-A-2,,BRA,MEX,Q3,7:45,49,40,27,BRA,331414,Isaiah,Santos,7,P2,"2PtsFG under the basket, layup made",1,2,2PT,141,37
130877,30373-A-2,,BRA,MEX,Q3,7:25,49,40,104,MEX,416258,Cisco,Muñoz,0,P3,3pt jump shot missed,0,3,3PT,55,145
130877,30373-A-2,,BRA,MEX,Q3,7:18,51,40,27,BRA,331414,Isaiah,Santos,7,P2,"2PtsFG under the basket, fast break, reverse lay-up made",1,2,2PT,128,34
130877,30373-A-2,,BRA,MEX,Q3,6:59,51,40,27,BRA,331414,Isaiah,Santos,7,P3,3pt jump shot missed,0,3,3PT,17,87
130877,30373-A-2,,BRA,MEX,Q3,6:46,51,40,104,MEX,415754,Maximo,Felix,7,P2,layup missed,0,2,2PT,165,44
130877,30373-A-2,,BRA,MEX,Q3,6:42,51,42,104,MEX,377100,Ayrton,Vallejo,24,P2,"2PtsFG under the basket, layup made",1,2,2PT,139,28
130877,30373-A-2,,BRA,MEX,Q3,6:23,54,42,27,BRA,330039,Joao,Neves,14,P3,3pt jump shot made,1,3,3PT,68,159
130877,30373-A-2,,BRA,MEX,Q3,5:59,54,42,27,BRA,330039,Joao,Neves,14,P3,3pt jump shot missed,0,3,3PT,220,163
130877,30373-A-2,,BRA,MEX,Q3,5:53,54,42,104,MEX,416257,Isaiah,Barnes,25,FT,1st of 2 free throws missed,0,1,FT,0,0
130877,30373-A-2,,BRA,MEX,Q3,5:53,54,43,104,MEX,416257,Isaiah,Barnes,25,FT,2nd of 2 free throws made,1,1,FT,0,0
130877,30373-A-2,,BRA,MEX,Q3,5:37,57,43,27,BRA,330047,Pedro,Souza,11,P3,"3PtsFG outside center, points from fastbreak + after turnover, jump shot made",1,3,3PT,108,165
130877,30373-A-2,,BRA,MEX,Q3,5:15,57,43,104,MEX,417035,Elias,Ramos,14,P3,3pt jump shot from center missed,0,3,3PT,157,170
130877,30373-A-2,,BRA,MEX,Q3,4:46,60,43,27,BRA,330039,Joao,Neves,14,P3,3pt jump shot made,1,3,3PT,218,142
130877,30373-A-2,,BRA,MEX,Q3,4:33,60,45,104,MEX,416257,Isaiah,Barnes,25,P2,2pt jump shot made,1,2,2PT,61,33
130877,30373-A-2,,BRA,MEX,Q3,4:14,60,45,27,BRA,331414,Isaiah,Santos,7,P2,"2PtsFG inside left, jump shot missed",0,2,2PT,92,91
130877,30373-A-2,,BRA,MEX,Q3,4:12,60,45,104,MEX,377100,Ayrton,Vallejo,24,FT,1st of 2 free throws missed,0,1,FT,0,0
130877,30373-A-2,,BRA,MEX,Q3,4:12,60,46,104,MEX,377100,Ayrton,Vallejo,24,FT,2nd of 2 free throws made,1,1,FT,0,0
130877,30373-A-2,,BRA,MEX,Q3,3:53,60,46,27,BRA,330039,Joao,Neves,14,P3,3pt jump shot missed,0,3,3PT,238,149
130877,30373-A-2,,BRA,MEX,Q3,3:42,60,46,104,MEX,416129,Juan,Escalante,5,P2,2pt step back jump shot missed,0,2,2PT,52,56
130877,30373-A-2,,BRA,MEX,Q3,3:32,60,46,27,BRA,383772,Bruno,Solano,12,FT,1st of 2 free throws missed,0,1,FT,0,0
130877,30373-A-2,,BRA,MEX,Q3,3:32,61,46,27,BRA,383772,Bruno,Solano,12,FT,2nd of 2 free throws made,1,1,FT,0,0
130877,30373-A-2,,BRA,MEX,Q3,3:13,63,46,27,BRA,330039,Joao,Neves,14,P2,"2PtsFG under the basket, points from fastbreak + after turnover, driving layup made",1,2,2PT,137,29
130877,30373-A-2,,BRA,MEX,Q3,2:55,65,46,27,BRA,383772,Bruno,Solano,12,P2,"2PtsFG under the basket, points from fastbreak + after turnover, layup made",1,2,2PT,140,34
130877,30373-A-2,,BRA,MEX,Q3,2:19,65,46,27,BRA,405101,Pietro,Melo,10,P3,3pt jump shot missed,0,3,3PT,229,139
130877,30373-A-2,,BRA,MEX,Q3,2:19,67,46,27,BRA,375131,Lucas,Moro,8,P2,"2PtsFG under the basket, points from second chance + after turnover, layup made",1,2,2PT,128,34
130877,30373-A-2,,BRA,MEX,Q3,2:19,68,46,27,BRA,375131,Lucas,Moro,8,FT,1st of 1 free throw made,1,1,FT,0,0
130877,30373-A-2,,BRA,MEX,Q3,2:01,70,46,27,BRA,383772,Bruno,Solano,12,P2,"2PtsFG under the basket, points from fastbreak + after turnover, driving layup made",1,2,2PT,136,32
130877,30373-A-2,,BRA,MEX,Q3,1:46,70,46,104,MEX,416264,Miguel,Ayala,8,P3,3pt jump shot missed,0,3,3PT,9,43
130877,30373-A-2,,BRA,MEX,Q3,1:30,73,46,27,BRA,375131,Lucas,Moro,8,P3,3pt jump shot from center made,1,3,3PT,153,168
130877,30373-A-2,,BRA,MEX,Q3,1:05,73,48,104,MEX,369235,Adrien,Porras,12,P2,2pt fadeaway jump shot made,1,2,2PT,168,49
130877,30373-A-2,,BRA,MEX,Q3,0:52,73,50,104,MEX,416264,Miguel,Ayala,8,P2,"2PtsFG under the basket, points from fastbreak + after turnover, driving layup made",1,2,2PT,141,44
130877,30373-A-2,,BRA,MEX,Q3,0:41,74,50,27,BRA,416911,Nicolas,Cunha,3,FT,1st of 2 free throws made,1,1,FT,0,0
130877,30373-A-2,,BRA,MEX,Q3,0:41,75,50,27,BRA,416911,Nicolas,Cunha,3,FT,2nd of 2 free throws made,1,1,FT,0,0
130877,30373-A-2,,BRA,MEX,Q3,0:24,75,50,104,MEX,369235,Adrien,Porras,12,P2,"2PtsFG inside right, jump shot missed",0,2,2PT,230,65
130877,30373-A-2,,BRA,MEX,Q3,0:16,75,50,27,BRA,375131,Lucas,Moro,8,P2,"2PtsFG under the basket, driving layup missed",0,2,2PT,138,37
130877,30373-A-2,,BRA,MEX,Q3,0:15,76,50,27,BRA,384600,Henry,Alves,16,FT,1st of 2 free throws made,1,1,FT,0,0
130877,30373-A-2,,BRA,MEX,Q3,0:15,77,50,27,BRA,384600,Henry,Alves,16,FT,2nd of 2 free throws made,1,1,FT,0,0
130877,30373-A-2,,BRA,MEX,Q3,0:01,77,50,104,MEX,416264,Miguel,Ayala,8,P3,3pt jump shot missed,0,3,3PT,151,180
130877,30373-A-2,,BRA,MEX,Q4,9:48,77,50,104,MEX,416264,Miguel,Ayala,8,P3,3pt jump shot missed,0,3,3PT,213,165
130877,30373-A-2,,BRA,MEX,Q4,9:41,77,50,27,BRA,393060,Ruan,Moreira,9,P3,3pt jump shot from center missed,0,3,3PT,195,172
130877,30373-A-2,,BRA,MEX,Q4,9:28,77,50,104,MEX,416258,Cisco,Muñoz,0,P2,"2PtsFG under the basket, driving layup missed",0,2,2PT,126,30
130877,30373-A-2,,BRA,MEX,Q4,9:24,77,50,104,MEX,416181,Andre,Alvarez,6,P2,"2PtsFG under the basket, jump shot missed",0,2,2PT,140,40
130877,30373-A-2,,BRA,MEX,Q4,9:05,78,50,27,BRA,416911,Nicolas,Cunha,3,FT,1st of 2 free throws made,1,1,FT,0,0
130877,30373-A-2,,BRA,MEX,Q4,9:05,79,50,27,BRA,416911,Nicolas,Cunha,3,FT,2nd of 2 free throws made,1,1,FT,0,0
130877,30373-A-2,,BRA,MEX,Q4,8:55,79,50,104,MEX,416257,Isaiah,Barnes,25,P2,"2PtsFG inside right, jump shot missed",0,2,2PT,234,66
130877,30373-A-2,,BRA,MEX,Q4,8:47,79,51,104,MEX,416181,Andre,Alvarez,6,FT,1st of 2 free throws made,1,1,FT,0,0
130877,30373-A-2,,BRA,MEX,Q4,8:47,79,51,104,MEX,416181,Andre,Alvarez,6,FT,2nd of 2 free throws missed,0,1,FT,0,0
130877,30373-A-2,,BRA,MEX,Q4,8:29,79,51,27,BRA,416911,Nicolas,Cunha,3,P2,2pt jump shot missed,0,2,2PT,180,98
130877,30373-A-2,,BRA,MEX,Q4,8:23,79,51,104,MEX,416257,Isaiah,Barnes,25,P2,"2PtsFG under the basket, driving layup missed",0,2,2PT,134,44
130877,30373-A-2,,BRA,MEX,Q4,8:17,79,51,104,MEX,416264,Miguel,Ayala,8,FT,1st of 2 free throws missed,0,1,FT,0,0
130877,30373-A-2,,BRA,MEX,Q4,8:17,79,52,104,MEX,416264,Miguel,Ayala,8,FT,2nd of 2 free throws made,1,1,FT,0,0
130877,30373-A-2,,BRA,MEX,Q4,8:17,79,53,104,MEX,416257,Isaiah,Barnes,25,FT,1st free throw made,1,1,FT,0,0
130877,30373-A-2,,BRA,MEX,Q4,8:03,79,53,104,MEX,369235,Adrien,Porras,12,P2,"2PtsFG under the basket, dunk missed",0,2,2PT,149,27
130877,30373-A-2,,BRA,MEX,Q4,7:38,79,53,104,MEX,416257,Isaiah,Barnes,25,P3,3pt jump shot missed,0,3,3PT,227,145
130877,30373-A-2,,BRA,MEX,Q4,7:32,81,53,27,BRA,375131,Lucas,Moro,8,P2,"2PtsFG under the basket, fast break, driving layup made",1,2,2PT,151,31
130877,30373-A-2,,BRA,MEX,Q4,7:21,81,53,104,MEX,416181,Andre,Alvarez,6,P2,"2PtsFG under the basket, turnaround jump shot missed",0,2,2PT,153,18
130877,30373-A-2,,BRA,MEX,Q4,7:07,83,53,27,BRA,393060,Ruan,Moreira,9,P2,"2PtsFG under the basket, driving layup made",1,2,2PT,141,39
130877,30373-A-2,,BRA,MEX,Q4,6:44,83,53,104,MEX,416181,Andre,Alvarez,6,P2,"2PtsFG inside right, jump shot missed",0,2,2PT,221,57
130877,30373-A-2,,BRA,MEX,Q4,6:32,83,56,104,MEX,416264,Miguel,Ayala,8,P3,3pt jump shot made,1,3,3PT,268,27
130877,30373-A-2,,BRA,MEX,Q4,6:23,86,56,27,BRA,393060,Ruan,Moreira,9,P3,3pt jump shot made,1,3,3PT,228,135
130877,30373-A-2,,BRA,MEX,Q4,6:04,86,56,104,MEX,416257,Isaiah,Barnes,25,P3,3pt jump shot missed,0,3,3PT,35,119
130877,30373-A-2,,BRA,MEX,Q4,5:47,88,56,27,BRA,331414,Isaiah,Santos,7,P2,"2PtsFG under the basket, points from fastbreak + after turnover, dunk made",1,2,2PT,143,36
130877,30373-A-2,,BRA,MEX,Q4,5:23,88,56,104,MEX,416258,Cisco,Muñoz,0,P2,2pt floating jump shot missed,0,2,2PT,161,46
130877,30373-A-2,,BRA,MEX,Q4,5:18,88,58,104,MEX,369235,Adrien,Porras,12,P2,"2PtsFG under the basket, dunk made",1,2,2PT,141,27
130877,30373-A-2,,BRA,MEX,Q4,5:02,88,58,27,BRA,330047,Pedro,Souza,11,P2,2pt floating jump shot missed,0,2,2PT,128,57
130877,30373-A-2,,BRA,MEX,Q4,4:48,88,60,104,MEX,416257,Isaiah,Barnes,25,P2,"2PtsFG under the basket, driving layup made",1,2,2PT,143,38
130877,30373-A-2,,BRA,MEX,Q4,4:35,88,60,27,BRA,393068,Fernando,Varallo,4,P3,3pt jump shot missed,0,3,3PT,5,51
130877,30373-A-2,,BRA,MEX,Q4,4:23,88,60,27,BRA,330047,Pedro,Souza,11,P2,"2PtsFG inside right, jump shot missed",0,2,2PT,197,87
130877,30373-A-2,,BRA,MEX,Q4,4:07,88,60,27,BRA,330039,Joao,Neves,14,P3,3pt jump shot missed,0,3,3PT,271,29
130877,30373-A-2,,BRA,MEX,Q4,4:03,90,60,27,BRA,405082,Caio,Mathias,2,P2,2PtsFG under the basket made,1,2,2PT,140,31
130877,30373-A-2,,BRA,MEX,Q4,3:45,92,60,27,BRA,330047,Pedro,Souza,11,P2,"2PtsFG under the basket, points after turnover, driving layup made",1,2,2PT,152,38
130877,30373-A-2,,BRA,MEX,Q4,3:32,92,63,104,MEX,416257,Isaiah,Barnes,25,P3,3pt step back jump shot made,1,3,3PT,237,127
130877,30373-A-2,,BRA,MEX,Q4,3:10,94,63,27,BRA,331414,Isaiah,Santos,7,P2,"2PtsFG under the basket, driving layup made",1,2,2PT,137,34
130877,30373-A-2,,BRA,MEX,Q4,2:59,94,65,104,MEX,416264,Miguel,Ayala,8,P2,"2PtsFG under the basket, driving layup made",1,2,2PT,137,36
130877,30373-A-2,,BRA,MEX,Q4,2:46,94,65,27,BRA,330047,Pedro,Souza,11,FT,1st of 2 free throws missed,0,1,FT,0,0
130877,30373-A-2,,BRA,MEX,Q4,2:46,95,65,27,BRA,330047,Pedro,Souza,11,FT,2nd of 2 free throws made,1,1,FT,0,0
130877,30373-A-2,,BRA,MEX,Q4,2:33,95,67,104,MEX,417036,Emiliano,Bernal,21,P2,"2PtsFG under the basket, driving layup made",1,2,2PT,140,30
130877,30373-A-2,,BRA,MEX,Q4,2:01,95,67,27,BRA,405082,Caio,Mathias,2,P2,"2PtsFG under the basket, points after turnover, driving layup missed",0,2,2PT,141,32
130877,30373-A-2,,BRA,MEX,Q4,2:00,97,67,27,BRA,375131,Lucas,Moro,8,P2,"2PtsFG under the basket, points from second chance + fastbreak + after turnover, layup made",1,2,2PT,137,32
130877,30373-A-2,,BRA,MEX,Q4,2:00,98,67,27,BRA,375131,Lucas,Moro,8,FT,1st of 1 free throw made,1,1,FT,0,0
130877,30373-A-2,,BRA,MEX,Q4,1:44,100,67,27,BRA,375131,Lucas,Moro,8,P2,"2PtsFG under the basket, points from fastbreak + after turnover, dunk made",1,2,2PT,149,32
130877,30373-A-2,,BRA,MEX,Q4,1:36,100,67,104,MEX,415754,Maximo,Felix,7,FT,1st of 2 free throws missed,0,1,FT,0,0
130877,30373-A-2,,BRA,MEX,Q4,1:36,100,68,104,MEX,415754,Maximo,Felix,7,FT,2nd of 2 free throws made,1,1,FT,0,0
130877,30373-A-2,,BRA,MEX,Q4,1:18,100,68,27,BRA,393861,Michael,Pereira,15,P2,2pt jump shot missed,0,2,2PT,133,12
130877,30373-A-2,,BRA,MEX,Q4,1:10,100,68,104,MEX,415754,Maximo,Felix,7,P2,2pt jump shot missed,0,2,2PT,142,72
130877,30373-A-2,,BRA,MEX,Q4,0:51,103,68,27,BRA,375131,Lucas,Moro,8,P3,3pt jump shot made,1,3,3PT,31,110
130877,30373-A-2,,BRA,MEX,Q4,0:37,103,69,104,MEX,415754,Maximo,Felix,7,FT,Free throw made 1 of 2,1,1,FT,0,0
130877,30373-A-2,,BRA,MEX,Q4,0:37,103,70,104,MEX,415754,Maximo,Felix,7,FT,Free throw made 2 of 2,1,1,FT,0,0
130877,30373-A-2,,BRA,MEX,Q4,0:22,103,70,27,BRA,375131,Lucas,Moro,8,P3,3pt jump shot missed,0,3,3PT,272,47
130877,30373-A-2,,BRA,MEX,Q4,0:09,103,70,104,MEX,415754,Maximo,Felix,7,P3,3pt jump shot missed,0,3,3PT,243,123
130885,30373-B-1,,DOM,PUR,Q1,9:34,0,0,125,PUR,417164,Jomar,Bernard,13,P3,3pt jump shot missed,0,3,3PT,27,135
130885,30373-B-1,,DOM,PUR,Q1,9:28,0,0,51,DOM,390926,Marlon,Martinez,10,P3,3pt jump shot missed,0,3,3PT,235,120
130885,30373-B-1,,DOM,PUR,Q1,9:12,0,0,51,DOM,416899,Derek,Gomez,8,P2,"2PtsFG under the basket, points after turnover, driving layup missed",0,2,2PT,145,36
130885,30373-B-1,,DOM,PUR,Q1,9:07,2,0,51,DOM,416914,Antonio,Pemberton,0,P2,"2PtsFG under the basket, points from second chance + after turnover made",1,2,2PT,140,31
130885,30373-B-1,,DOM,PUR,Q1,8:44,2,0,125,PUR,416814,Lenuel,Narvaez,15,P2,"2PtsFG inside left, jump shot missed",0,2,2PT,53,105
130885,30373-B-1,,DOM,PUR,Q1,8:19,2,0,51,DOM,416899,Derek,Gomez,8,P2,"2PtsFG inside right wing, jump shot missed",0,2,2PT,202,37
130885,30373-B-1,,DOM,PUR,Q1,8:07,2,2,125,PUR,319575,Felipe,Quinones,21,P2,"2PtsFG under the basket, points after turnover, driving layup made",1,2,2PT,154,29
130885,30373-B-1,,DOM,PUR,Q1,7:46,2,2,51,DOM,416899,Derek,Gomez,8,P3,3pt jump shot missed,0,3,3PT,50,150
130885,30373-B-1,,DOM,PUR,Q1,7:39,2,2,125,PUR,319575,Felipe,Quinones,21,P2,2pt jump shot missed,0,2,2PT,96,80
130885,30373-B-1,,DOM,PUR,Q1,7:32,2,2,51,DOM,416769,Enmanuel,Valera,27,P3,3pt jump shot from center missed,0,3,3PT,183,173
130885,30373-B-1,,DOM,PUR,Q1,7:19,4,2,51,DOM,416899,Derek,Gomez,8,P2,"2PtsFG under the basket, points from fastbreak + after turnover, layup made",1,2,2PT,122,33
130885,30373-B-1,,DOM,PUR,Q1,7:13,4,4,125,PUR,343131,James,Rivera,14,P2,"2PtsFG under the basket, dunk made",1,2,2PT,134,29
130885,30373-B-1,,DOM,PUR,Q1,6:56,4,4,51,DOM,416769,Enmanuel,Valera,27,P2,"2PtsFG under the basket, eurostep missed",0,2,2PT,160,28
130885,30373-B-1,,DOM,PUR,Q1,6:47,4,6,125,PUR,416814,Lenuel,Narvaez,15,P2,"2PtsFG under the basket, dunk made",1,2,2PT,136,25
130885,30373-B-1,,DOM,PUR,Q1,6:31,7,6,51,DOM,416769,Enmanuel,Valera,27,P3,3pt jump shot made,1,3,3PT,270,18
130885,30373-B-1,,DOM,PUR,Q1,6:14,7,6,125,PUR,319586,Myles,Fuentes,3,P2,"2PtsFG inside left, jump shot missed",0,2,2PT,65,55
130885,30373-B-1,,DOM,PUR,Q1,6:07,9,6,51,DOM,416806,Roderi,Romero,25,P2,"2PtsFG under the basket, fast break, dunk made",1,2,2PT,149,24
130885,30373-B-1,,DOM,PUR,Q1,5:41,9,6,125,PUR,319575,Felipe,Quinones,21,P2,"2PtsFG under the basket, driving layup missed",0,2,2PT,150,32
130885,30373-B-1,,DOM,PUR,Q1,5:35,9,8,125,PUR,343131,James,Rivera,14,P2,"2PtsFG under the basket, dunk made",1,2,2PT,134,28
130885,30373-B-1,,DOM,PUR,Q1,5:14,12,8,51,DOM,416914,Antonio,Pemberton,0,P3,3pt jump shot made,1,3,3PT,34,119
130885,30373-B-1,,DOM,PUR,Q1,4:57,12,8,125,PUR,416814,Lenuel,Narvaez,15,P3,3pt jump shot missed,0,3,3PT,5,19
130885,30373-B-1,,DOM,PUR,Q1,4:44,12,8,51,DOM,416899,Derek,Gomez,8,P3,3pt jump shot missed,0,3,3PT,274,36
130885,30373-B-1,,DOM,PUR,Q1,4:36,12,8,125,PUR,319576,Gustavo,Roca,1,P2,"2PtsFG under the basket, reverse lay-up missed",0,2,2PT,153,29
130885,30373-B-1,,DOM,PUR,Q1,4:29,12,8,51,DOM,416769,Enmanuel,Valera,27,P2,2pt driving layup missed,0,2,2PT,173,45
130885,30373-B-1,,DOM,PUR,Q1,4:23,15,8,51,DOM,416899,Derek,Gomez,8,P3,3pt jump shot made,1,3,3PT,270,66
130885,30373-B-1,,DOM,PUR,Q1,4:07,15,11,125,PUR,319586,Myles,Fuentes,3,P3,3pt jump shot made,1,3,3PT,274,19
130885,30373-B-1,,DOM,PUR,Q1,3:40,17,11,51,DOM,416914,Antonio,Pemberton,0,P2,2pt step back jump shot made,1,2,2PT,27,36
130885,30373-B-1,,DOM,PUR,Q1,3:19,19,11,51,DOM,390926,Marlon,Martinez,10,P2,"2PtsFG under the basket, points after turnover, driving layup made",1,2,2PT,128,22
130885,30373-B-1,,DOM,PUR,Q1,2:45,21,11,51,DOM,390926,Marlon,Martinez,10,P2,"2PtsFG under the basket, points after turnover, dunk made",1,2,2PT,143,27
130885,30373-B-1,,DOM,PUR,Q1,2:32,21,11,125,PUR,319586,Myles,Fuentes,3,P3,3pt jump shot missed,0,3,3PT,252,108
130885,30373-B-1,,DOM,PUR,Q1,2:09,24,11,51,DOM,390926,Marlon,Martinez,10,P3,3pt jump shot made,1,3,3PT,269,55
130885,30373-B-1,,DOM,PUR,Q1,1:53,24,11,125,PUR,319576,Gustavo,Roca,1,P3,3pt jump shot missed,0,3,3PT,37,128
130885,30373-B-1,,DOM,PUR,Q1,1:42,26,11,51,DOM,416914,Antonio,Pemberton,0,P2,2pt driving layup made,1,2,2PT,179,42
130885,30373-B-1,,DOM,PUR,Q1,1:19,26,13,125,PUR,416823,Derick,Salaberrios,12,P2,"2PtsFG under the basket, reverse lay-up made",1,2,2PT,155,22
130885,30373-B-1,,DOM,PUR,Q1,1:05,26,13,51,DOM,416769,Enmanuel,Valera,27,P3,3pt jump shot missed,0,3,3PT,38,141
130885,30373-B-1,,DOM,PUR,Q1,0:39,26,13,125,PUR,416822,Andrew,Rosario,0,P3,3pt step back jump shot missed,0,3,3PT,55,159
130885,30373-B-1,,DOM,PUR,Q1,0:23,26,13,51,DOM,416769,Enmanuel,Valera,27,P2,"2PtsFG under the basket, jump shot missed",0,2,2PT,126,36
130885,30373-B-1,,DOM,PUR,Q1,0:02,26,13,125,PUR,343088,Davey,Candelaria,10,P3,3pt jump shot missed,0,3,3PT,267,20
130885,30373-B-1,,DOM,PUR,Q2,9:50,26,15,125,PUR,416822,Andrew,Rosario,0,P2,"2PtsFG under the basket, driving layup made",1,2,2PT,125,25
130885,30373-B-1,,DOM,PUR,Q2,9:30,26,15,51,DOM,416899,Derek,Gomez,8,P2,"2PtsFG inside center, jump shot missed",0,2,2PT,144,147
130885,30373-B-1,,DOM,PUR,Q2,9:13,29,15,51,DOM,416771,Jack,Liz,5,P3,3pt jump shot made,1,3,3PT,6,18
130885,30373-B-1,,DOM,PUR,Q2,9:01,29,15,125,PUR,319575,Felipe,Quinones,21,P2,"2PtsFG under the basket, driving layup missed",0,2,2PT,125,41
130885,30373-B-1,,DOM,PUR,Q2,8:56,29,15,51,DOM,390926,Marlon,Martinez,10,P3,3pt jump shot from center missed,0,3,3PT,133,170
130885,30373-B-1,,DOM,PUR,Q2,8:49,29,15,125,PUR,416823,Derick,Salaberrios,12,P2,2pt driving layup missed,0,2,2PT,163,42
130885,30373-B-1,,DOM,PUR,Q2,8:45,29,15,125,PUR,319575,Felipe,Quinones,21,P3,3pt jump shot missed,0,3,3PT,268,62
130885,30373-B-1,,DOM,PUR,Q2,8:30,29,15,51,DOM,416899,Derek,Gomez,8,P3,3pt jump shot missed,0,3,3PT,273,45
130885,30373-B-1,,DOM,PUR,Q2,8:16,29,17,125,PUR,343088,Davey,Candelaria,10,P2,"2PtsFG under the basket, pullup jump shot made",1,2,2PT,125,30
130885,30373-B-1,,DOM,PUR,Q2,7:51,29,17,125,PUR,343088,Davey,Candelaria,10,P3,3pt jump shot missed,0,3,3PT,22,108
130885,30373-B-1,,DOM,PUR,Q2,7:40,30,17,51,DOM,416805,Rayner,Montero,24,FT,1st of 2 free throws made,1,1,FT,0,0
130885,30373-B-1,,DOM,PUR,Q2,7:40,31,17,51,DOM,416805,Rayner,Montero,24,FT,2nd of 2 free throws made,1,1,FT,0,0
130885,30373-B-1,,DOM,PUR,Q2,7:26,31,17,125,PUR,343131,James,Rivera,14,P3,3pt jump shot missed,0,3,3PT,240,133
130885,30373-B-1,,DOM,PUR,Q2,7:01,33,17,51,DOM,416898,Brayan,Camacho,4,P2,2pt floating jump shot made,1,2,2PT,130,77
130885,30373-B-1,,DOM,PUR,Q2,6:43,33,17,125,PUR,319586,Myles,Fuentes,3,P2,2pt driving layup missed,0,2,2PT,152,16
130885,30373-B-1,,DOM,PUR,Q2,6:38,33,17,51,DOM,416769,Enmanuel,Valera,27,P2,"2PtsFG under the basket, driving layup missed",0,2,2PT,151,39
130885,30373-B-1,,DOM,PUR,Q2,6:33,35,17,51,DOM,416806,Roderi,Romero,25,P2,2PtsFG under the basket made,1,2,2PT,140,31
130885,30373-B-1,,DOM,PUR,Q2,6:20,35,17,125,PUR,417164,Jomar,Bernard,13,P2,2pt jump shot missed,0,2,2PT,146,81
130885,30373-B-1,,DOM,PUR,Q2,6:07,35,17,51,DOM,416769,Enmanuel,Valera,27,P2,"2PtsFG under the basket, driving layup missed",0,2,2PT,125,45
130885,30373-B-1,,DOM,PUR,Q2,6:02,35,17,51,DOM,416805,Rayner,Montero,24,P3,3pt jump shot missed,0,3,3PT,9,30
130885,30373-B-1,,DOM,PUR,Q2,5:57,35,17,125,PUR,319575,Felipe,Quinones,21,P2,"2PtsFG under the basket, driving layup missed",0,2,2PT,134,35
130885,30373-B-1,,DOM,PUR,Q2,5:40,35,17,51,DOM,416914,Antonio,Pemberton,0,P3,3pt jump shot missed,0,3,3PT,205,167
130885,30373-B-1,,DOM,PUR,Q2,5:22,35,19,125,PUR,319575,Felipe,Quinones,21,P2,"2PtsFG under the basket, driving layup made",1,2,2PT,150,28
130885,30373-B-1,,DOM,PUR,Q2,5:00,35,19,51,DOM,416769,Enmanuel,Valera,27,P3,3pt step back jump shot missed,0,3,3PT,11,51
130885,30373-B-1,,DOM,PUR,Q2,4:48,35,19,125,PUR,416819,Derek,Pagan,2,P3,3pt jump shot missed,0,3,3PT,69,162
130885,30373-B-1,,DOM,PUR,Q2,4:40,35,19,51,DOM,416914,Antonio,Pemberton,0,FT,1st of 2 free throws missed,0,1,FT,0,0
130885,30373-B-1,,DOM,PUR,Q2,4:40,36,19,51,DOM,416914,Antonio,Pemberton,0,FT,2nd of 2 free throws made,1,1,FT,0,0
130885,30373-B-1,,DOM,PUR,Q2,4:26,36,19,125,PUR,319586,Myles,Fuentes,3,P2,2pt step back jump shot missed,0,2,2PT,133,56
130885,30373-B-1,,DOM,PUR,Q2,4:03,36,20,125,PUR,417164,Jomar,Bernard,13,FT,1st of 2 free throws made,1,1,FT,0,0
130885,30373-B-1,,DOM,PUR,Q2,4:03,36,21,125,PUR,417164,Jomar,Bernard,13,FT,2nd of 2 free throws made,1,1,FT,0,0
130885,30373-B-1,,DOM,PUR,Q2,3:40,36,21,51,DOM,416914,Antonio,Pemberton,0,P3,3pt jump shot missed,0,3,3PT,69,145
130885,30373-B-1,,DOM,PUR,Q2,3:40,36,22,125,PUR,417164,Jomar,Bernard,13,FT,1st of 2 free throws made,1,1,FT,0,0
130885,30373-B-1,,DOM,PUR,Q2,3:40,36,23,125,PUR,417164,Jomar,Bernard,13,FT,2nd of 2 free throws made,1,1,FT,0,0
130885,30373-B-1,,DOM,PUR,Q2,3:27,36,23,51,DOM,416914,Antonio,Pemberton,0,P2,"2PtsFG under the basket, driving layup missed",0,2,2PT,159,26
130885,30373-B-1,,DOM,PUR,Q2,3:23,38,23,51,DOM,416805,Rayner,Montero,24,P2,2PtsFG under the basket made,1,2,2PT,140,31
130885,30373-B-1,,DOM,PUR,Q2,3:05,38,23,125,PUR,417164,Jomar,Bernard,13,FT,1st of 2 free throws missed,0,1,FT,0,0
130885,30373-B-1,,DOM,PUR,Q2,3:05,38,24,125,PUR,417164,Jomar,Bernard,13,FT,2nd of 2 free throws made,1,1,FT,0,0
130885,30373-B-1,,DOM,PUR,Q2,2:51,38,24,51,DOM,416805,Rayner,Montero,24,P3,3pt jump shot missed,0,3,3PT,216,156
130885,30373-B-1,,DOM,PUR,Q2,2:40,41,24,51,DOM,416898,Brayan,Camacho,4,P3,"3PtsFG outside center, points from fastbreak + after turnover, jump shot made",1,3,3PT,141,163
130885,30373-B-1,,DOM,PUR,Q2,2:22,41,24,125,PUR,417164,Jomar,Bernard,13,P3,3pt jump shot missed,0,3,3PT,54,165
130885,30373-B-1,,DOM,PUR,Q2,2:02,41,24,51,DOM,416898,Brayan,Camacho,4,P3,3pt jump shot missed,0,3,3PT,9,17
130885,30373-B-1,,DOM,PUR,Q2,1:56,41,24,51,DOM,416805,Rayner,Montero,24,P2,"2PtsFG under the basket, pullup jump shot missed",0,2,2PT,157,36
130885,30373-B-1,,DOM,PUR,Q2,1:47,41,25,125,PUR,417164,Jomar,Bernard,13,FT,1st of 2 free throws made,1,1,FT,0,0
130885,30373-B-1,,DOM,PUR,Q2,1:47,41,25,125,PUR,417164,Jomar,Bernard,13,FT,2nd of 2 free throws missed,0,1,FT,0,0
130885,30373-B-1,,DOM,PUR,Q2,1:47,41,25,125,PUR,417164,Jomar,Bernard,13,P2,"2PtsFG under the basket, driving layup missed",0,2,2PT,141,27
130885,30373-B-1,,DOM,PUR,Q2,1:32,42,25,51,DOM,416898,Brayan,Camacho,4,FT,1st of 2 free throws made,1,1,FT,0,0
130885,30373-B-1,,DOM,PUR,Q2,1:32,43,25,51,DOM,416898,Brayan,Camacho,4,FT,2nd of 2 free throws made,1,1,FT,0,0
130885,30373-B-1,,DOM,PUR,Q2,1:32,45,25,51,DOM,390926,Marlon,Martinez,10,P2,2pt fadeaway jump shot made,1,2,2PT,224,68
130885,30373-B-1,,DOM,PUR,Q2,0:46,46,25,51,DOM,416898,Brayan,Camacho,4,FT,1st of 2 free throws made,1,1,FT,0,0
130885,30373-B-1,,DOM,PUR,Q2,0:46,47,25,51,DOM,416898,Brayan,Camacho,4,FT,2nd of 2 free throws made,1,1,FT,0,0
130885,30373-B-1,,DOM,PUR,Q2,0:39,47,27,125,PUR,319586,Myles,Fuentes,3,P2,"2PtsFG under the basket, reverse lay-up made",1,2,2PT,121,29
130885,30373-B-1,,DOM,PUR,Q2,0:18,47,27,51,DOM,416768,Brayan,Santana,3,P2,"2PtsFG under the basket, points after turnover, driving layup missed",0,2,2PT,122,29
130885,30373-B-1,,DOM,PUR,Q2,0:00,47,28,125,PUR,319575,Felipe,Quinones,21,FT,Free throw made 1 of 2,1,1,FT,0,0
130885,30373-B-1,,DOM,PUR,Q2,0:00,47,29,125,PUR,319575,Felipe,Quinones,21,FT,Free throw made 2 of 2,1,1,FT,0,0
130885,30373-B-1,,DOM,PUR,Q3,9:44,49,29,51,DOM,390926,Marlon,Martinez,10,P2,2pt pullup jump shot made,1,2,2PT,144,77
130885,30373-B-1,,DOM,PUR,Q3,9:22,49,29,125,PUR,319586,Myles,Fuentes,3,P2,"2PtsFG under the basket, driving layup missed",0,2,2PT,130,31
130885,30373-B-1,,DOM,PUR,Q3,9:01,49,29,51,DOM,416769,Enmanuel,Valera,27,FT,1st of 2 free throws missed,0,1,FT,0,0
130885,30373-B-1,,DOM,PUR,Q3,9:01,50,29,51,DOM,416769,Enmanuel,Valera,27,FT,2nd of 2 free throws made,1,1,FT,0,0
130885,30373-B-1,,DOM,PUR,Q3,8:53,50,29,125,PUR,343131,James,Rivera,14,P3,3pt jump shot from center missed,0,3,3PT,164,164
130885,30373-B-1,,DOM,PUR,Q3,8:41,50,29,51,DOM,416769,Enmanuel,Valera,27,P2,"2PtsFG under the basket, driving layup missed",0,2,2PT,153,25
130885,30373-B-1,,DOM,PUR,Q3,8:38,52,29,51,DOM,416806,Roderi,Romero,25,P2,2PtsFG under the basket made,1,2,2PT,140,31
130885,30373-B-1,,DOM,PUR,Q3,8:28,52,31,125,PUR,343131,James,Rivera,14,P2,"2PtsFG under the basket, turnaround jump shot made",1,2,2PT,130,36
130885,30373-B-1,,DOM,PUR,Q3,8:09,55,31,51,DOM,390926,Marlon,Martinez,10,P3,3pt step back jump shot made,1,3,3PT,273,25
130885,30373-B-1,,DOM,PUR,Q3,7:56,55,31,125,PUR,343131,James,Rivera,14,P2,2pt fadeaway jump shot missed,0,2,2PT,181,49
130885,30373-B-1,,DOM,PUR,Q3,7:51,55,31,125,PUR,417164,Jomar,Bernard,13,P3,3pt jump shot missed,0,3,3PT,78,154
130885,30373-B-1,,DOM,PUR,Q3,7:35,55,31,51,DOM,416769,Enmanuel,Valera,27,P2,2pt pullup jump shot missed,0,2,2PT,122,108
130885,30373-B-1,,DOM,PUR,Q3,7:26,55,31,125,PUR,343131,James,Rivera,14,FT,1st of 2 free throws missed,0,1,FT,0,0
130885,30373-B-1,,DOM,PUR,Q3,7:26,55,32,125,PUR,343131,James,Rivera,14,FT,2nd of 2 free throws made,1,1,FT,0,0
130885,30373-B-1,,DOM,PUR,Q3,7:19,57,32,51,DOM,416914,Antonio,Pemberton,0,P2,"2PtsFG under the basket, driving layup made",1,2,2PT,152,24
130885,30373-B-1,,DOM,PUR,Q3,6:57,57,32,125,PUR,319586,Myles,Fuentes,3,FT,1st of 2 free throws missed,0,1,FT,0,0
130885,30373-B-1,,DOM,PUR,Q3,6:57,57,33,125,PUR,319586,Myles,Fuentes,3,FT,2nd of 2 free throws made,1,1,FT,0,0
130885,30373-B-1,,DOM,PUR,Q3,6:50,57,33,51,DOM,416805,Rayner,Montero,24,FT,1st of 2 free throws missed,0,1,FT,0,0
130885,30373-B-1,,DOM,PUR,Q3,6:50,58,33,51,DOM,416805,Rayner,Montero,24,FT,2nd of 2 free throws made,1,1,FT,0,0
130885,30373-B-1,,DOM,PUR,Q3,6:39,58,33,125,PUR,416823,Derick,Salaberrios,12,P2,"2PtsFG under the basket, driving layup missed",0,2,2PT,141,36
130885,30373-B-1,,DOM,PUR,Q3,6:33,58,33,125,PUR,417164,Jomar,Bernard,13,P2,"2PtsFG under the basket, driving layup missed",0,2,2PT,129,35
130885,30373-B-1,,DOM,PUR,Q3,6:17,59,33,51,DOM,416769,Enmanuel,Valera,27,FT,1st of 2 free throws made,1,1,FT,0,0
130885,30373-B-1,,DOM,PUR,Q3,6:17,60,33,51,DOM,416769,Enmanuel,Valera,27,FT,2nd of 2 free throws made,1,1,FT,0,0
130885,30373-B-1,,DOM,PUR,Q3,6:17,60,35,125,PUR,416823,Derick,Salaberrios,12,P2,"2PtsFG under the basket, driving layup made",1,2,2PT,148,26
130885,30373-B-1,,DOM,PUR,Q3,5:50,60,35,125,PUR,319575,Felipe,Quinones,21,FT,Free throw missed 1 of 2,0,1,FT,0,0
130885,30373-B-1,,DOM,PUR,Q3,5:50,60,36,125,PUR,319575,Felipe,Quinones,21,FT,Free throw made 2 of 2,1,1,FT,0,0
130885,30373-B-1,,DOM,PUR,Q3,5:39,60,38,125,PUR,417164,Jomar,Bernard,13,P2,2pt floating jump shot made,1,2,2PT,148,75
130885,30373-B-1,,DOM,PUR,Q3,5:15,63,38,51,DOM,416769,Enmanuel,Valera,27,P3,3pt jump shot made,1,3,3PT,52,162
130885,30373-B-1,,DOM,PUR,Q3,4:39,63,40,125,PUR,416823,Derick,Salaberrios,12,P2,"2PtsFG inside paint, points from fastbreak + after turnover, jump shot made",1,2,2PT,179,59
130885,30373-B-1,,DOM,PUR,Q3,4:30,64,40,51,DOM,416806,Roderi,Romero,25,FT,1st of 2 free throws made,1,1,FT,0,0
130885,30373-B-1,,DOM,PUR,Q3,4:30,64,40,51,DOM,416806,Roderi,Romero,25,FT,2nd of 2 free throws missed,0,1,FT,0,0
130885,30373-B-1,,DOM,PUR,Q3,4:17,64,43,125,PUR,416822,Andrew,Rosario,0,P3,3pt jump shot made,1,3,3PT,9,24
130885,30373-B-1,,DOM,PUR,Q3,4:03,65,43,51,DOM,416769,Enmanuel,Valera,27,FT,1st of 2 free throws made,1,1,FT,0,0
130885,30373-B-1,,DOM,PUR,Q3,4:03,66,43,51,DOM,416769,Enmanuel,Valera,27,FT,2nd of 2 free throws made,1,1,FT,0,0
130885,30373-B-1,,DOM,PUR,Q3,3:53,66,46,125,PUR,416822,Andrew,Rosario,0,P3,3pt jump shot made,1,3,3PT,46,136
130885,30373-B-1,,DOM,PUR,Q3,3:23,66,46,51,DOM,416914,Antonio,Pemberton,0,P3,3pt jump shot from center missed,0,3,3PT,90,172
130885,30373-B-1,,DOM,PUR,Q3,3:14,66,46,51,DOM,416769,Enmanuel,Valera,27,P2,"2PtsFG under the basket, turnaround jump shot missed",0,2,2PT,129,39
130885,30373-B-1,,DOM,PUR,Q3,3:05,66,46,125,PUR,319576,Gustavo,Roca,1,P3,3pt jump shot missed,0,3,3PT,11,21
130885,30373-B-1,,DOM,PUR,Q3,3:01,66,48,125,PUR,416823,Derick,Salaberrios,12,P2,2PtsFG under the basket made,1,2,2PT,140,31
130885,30373-B-1,,DOM,PUR,Q3,2:50,66,48,51,DOM,416771,Jack,Liz,5,P2,2pt jump shot missed,0,2,2PT,165,51
130885,30373-B-1,,DOM,PUR,Q3,2:44,68,48,51,DOM,416771,Jack,Liz,5,P2,"2PtsFG under the basket, driving layup made",1,2,2PT,157,32
130885,30373-B-1,,DOM,PUR,Q3,2:32,68,51,125,PUR,416822,Andrew,Rosario,0,P3,3pt jump shot made,1,3,3PT,8,12
130885,30373-B-1,,DOM,PUR,Q3,2:18,69,51,51,DOM,416769,Enmanuel,Valera,27,FT,1st of 2 free throws made,1,1,FT,0,0
130885,30373-B-1,,DOM,PUR,Q3,2:18,69,51,51,DOM,416769,Enmanuel,Valera,27,FT,2nd of 2 free throws missed,0,1,FT,0,0
130885,30373-B-1,,DOM,PUR,Q3,2:07,69,51,125,PUR,319576,Gustavo,Roca,1,P2,"2PtsFG inside left, jump shot missed",0,2,2PT,92,100
130885,30373-B-1,,DOM,PUR,Q3,2:00,72,51,51,DOM,416898,Brayan,Camacho,4,P3,3pt jump shot made,1,3,3PT,11,25
130885,30373-B-1,,DOM,PUR,Q3,1:50,72,51,125,PUR,416822,Andrew,Rosario,0,P3,3pt jump shot missed,0,3,3PT,214,159
130885,30373-B-1,,DOM,PUR,Q3,1:36,72,51,51,DOM,416914,Antonio,Pemberton,0,P2,"2PtsFG under the basket, driving layup missed",0,2,2PT,148,47
130885,30373-B-1,,DOM,PUR,Q3,1:31,74,51,51,DOM,416805,Rayner,Montero,24,P2,2PtsFG under the basket made,1,2,2PT,140,31
130885,30373-B-1,,DOM,PUR,Q3,1:25,74,51,51,DOM,416914,Antonio,Pemberton,0,P2,2pt jump shot missed,0,2,2PT,158,66
130885,30373-B-1,,DOM,PUR,Q3,1:19,74,51,51,DOM,416805,Rayner,Montero,24,P2,"2PtsFG under the basket, points from second chance + after turnover missed",0,2,2PT,140,31
130885,30373-B-1,,DOM,PUR,Q3,1:16,74,51,125,PUR,416822,Andrew,Rosario,0,P2,"2PtsFG under the basket, driving layup missed",0,2,2PT,125,36
130885,30373-B-1,,DOM,PUR,Q3,1:12,74,51,125,PUR,319576,Gustavo,Roca,1,P2,2PtsFG under the basket missed,0,2,2PT,140,31
130885,30373-B-1,,DOM,PUR,Q3,1:09,74,51,51,DOM,416914,Antonio,Pemberton,0,P2,"2PtsFG under the basket, driving layup missed",0,2,2PT,154,42
130885,30373-B-1,,DOM,PUR,Q3,1:01,76,51,51,DOM,416914,Antonio,Pemberton,0,P2,"2PtsFG under the basket, points from fastbreak + after turnover, driving layup made",1,2,2PT,149,40
130885,30373-B-1,,DOM,PUR,Q3,1:01,76,51,125,PUR,416822,Andrew,Rosario,0,FT,1st free throw missed,0,1,FT,0,0
130885,30373-B-1,,DOM,PUR,Q3,1:01,77,51,51,DOM,416914,Antonio,Pemberton,0,FT,1st free throw made,1,1,FT,0,0
130885,30373-B-1,,DOM,PUR,Q3,0:47,77,51,125,PUR,343131,James,Rivera,14,P2,"2PtsFG inside right, jump shot missed",0,2,2PT,243,88
130885,30373-B-1,,DOM,PUR,Q3,0:39,77,51,51,DOM,416769,Enmanuel,Valera,27,P3,3pt jump shot missed,0,3,3PT,201,165
130885,30373-B-1,,DOM,PUR,Q3,0:19,77,51,51,DOM,416768,Brayan,Santana,3,P2,"2PtsFG under the basket, points after turnover, driving layup missed",0,2,2PT,143,37
130885,30373-B-1,,DOM,PUR,Q3,0:11,77,51,125,PUR,343131,James,Rivera,14,P3,3pt jump shot missed,0,3,3PT,28,123
130885,30373-B-1,,DOM,PUR,Q3,0:05,77,51,125,PUR,416823,Derick,Salaberrios,12,P3,3pt jump shot missed,0,3,3PT,244,122
130885,30373-B-1,,DOM,PUR,Q3,0:01,77,51,125,PUR,343131,James,Rivera,14,P2,2pt pullup jump shot missed,0,2,2PT,123,50
130885,30373-B-1,,DOM,PUR,Q4,9:40,77,51,125,PUR,417164,Jomar,Bernard,13,P2,"2PtsFG under the basket, driving layup missed",0,2,2PT,131,40
130885,30373-B-1,,DOM,PUR,Q4,9:11,79,51,51,DOM,416898,Brayan,Camacho,4,P2,"2PtsFG under the basket, points from fastbreak + after turnover, driving layup made",1,2,2PT,122,40
130885,30373-B-1,,DOM,PUR,Q4,8:58,79,51,125,PUR,417164,Jomar,Bernard,13,P2,"2PtsFG under the basket, jump shot missed",0,2,2PT,143,39
130885,30373-B-1,,DOM,PUR,Q4,8:54,79,53,125,PUR,417164,Jomar,Bernard,13,P2,2PtsFG under the basket made,1,2,2PT,140,31
130885,30373-B-1,,DOM,PUR,Q4,8:46,79,53,51,DOM,416899,Derek,Gomez,8,P3,3pt jump shot missed,0,3,3PT,274,12
130885,30373-B-1,,DOM,PUR,Q4,8:36,79,53,125,PUR,417164,Jomar,Bernard,13,P2,2pt pullup jump shot missed,0,2,2PT,205,69
130885,30373-B-1,,DOM,PUR,Q4,8:23,79,53,51,DOM,416771,Jack,Liz,5,FT,1st of 2 free throws missed,0,1,FT,0,0
130885,30373-B-1,,DOM,PUR,Q4,8:23,79,53,51,DOM,416771,Jack,Liz,5,FT,2nd of 2 free throws missed,0,1,FT,0,0
130885,30373-B-1,,DOM,PUR,Q4,8:21,81,53,51,DOM,416768,Brayan,Santana,3,P2,"2PtsFG under the basket, points after turnover, eurostep made",1,2,2PT,140,45
130885,30373-B-1,,DOM,PUR,Q4,8:08,81,55,125,PUR,416819,Derek,Pagan,2,P2,"2PtsFG under the basket, driving layup made",1,2,2PT,122,32
130885,30373-B-1,,DOM,PUR,Q4,7:39,81,58,125,PUR,319586,Myles,Fuentes,3,P3,3pt jump shot made,1,3,3PT,221,147
130885,30373-B-1,,DOM,PUR,Q4,7:19,81,58,125,PUR,319586,Myles,Fuentes,3,P3,3pt jump shot missed,0,3,3PT,239,137
130885,30373-B-1,,DOM,PUR,Q4,7:14,81,60,125,PUR,416814,Lenuel,Narvaez,15,P2,2pt turnaround jump shot made,1,2,2PT,145,62
130885,30373-B-1,,DOM,PUR,Q4,7:00,83,60,51,DOM,416806,Roderi,Romero,25,P2,"2PtsFG under the basket, pullup jump shot made",1,2,2PT,153,44
130885,30373-B-1,,DOM,PUR,Q4,6:42,83,60,125,PUR,416820,Jesus,Pizarro,11,P3,3pt jump shot missed,0,3,3PT,274,31
130885,30373-B-1,,DOM,PUR,Q4,6:37,83,60,125,PUR,416822,Andrew,Rosario,0,P3,3pt jump shot missed,0,3,3PT,31,108
130885,30373-B-1,,DOM,PUR,Q4,6:20,86,60,51,DOM,416914,Antonio,Pemberton,0,P3,3pt jump shot from center made,1,3,3PT,179,169
130885,30373-B-1,,DOM,PUR,Q4,6:05,86,60,125,PUR,319586,Myles,Fuentes,3,P3,3pt jump shot from center missed,0,3,3PT,114,173
130885,30373-B-1,,DOM,PUR,Q4,6:00,86,60,125,PUR,416819,Derek,Pagan,2,P3,3pt jump shot missed,0,3,3PT,226,133
130885,30373-B-1,,DOM,PUR,Q4,5:49,86,60,51,DOM,416769,Enmanuel,Valera,27,P3,3pt jump shot missed,0,3,3PT,32,115
130885,30373-B-1,,DOM,PUR,Q4,5:33,86,62,125,PUR,416814,Lenuel,Narvaez,15,P2,"2PtsFG under the basket, driving layup made",1,2,2PT,144,40
130885,30373-B-1,,DOM,PUR,Q4,5:33,86,62,125,PUR,416814,Lenuel,Narvaez,15,FT,1st free throw missed,0,1,FT,0,0
130885,30373-B-1,,DOM,PUR,Q4,5:11,86,62,125,PUR,416819,Derek,Pagan,2,P2,2pt fadeaway jump shot missed,0,2,2PT,157,46
130885,30373-B-1,,DOM,PUR,Q4,5:07,86,62,125,PUR,416814,Lenuel,Narvaez,15,P2,"2PtsFG under the basket, points from second chance + after turnover missed",0,2,2PT,140,31
130885,30373-B-1,,DOM,PUR,Q4,5:05,88,62,51,DOM,416914,Antonio,Pemberton,0,P2,"2PtsFG under the basket, fast break, layup made",1,2,2PT,150,38
130885,30373-B-1,,DOM,PUR,Q4,5:05,89,62,51,DOM,416914,Antonio,Pemberton,0,FT,1st free throw made,1,1,FT,0,0
130885,30373-B-1,,DOM,PUR,Q4,4:42,89,62,125,PUR,416819,Derek,Pagan,2,P3,3pt step back jump shot missed,0,3,3PT,137,182
130885,30373-B-1,,DOM,PUR,Q4,4:37,89,64,125,PUR,416823,Derick,Salaberrios,12,P2,"2PtsFG under the basket, reverse lay-up made",1,2,2PT,130,36
130885,30373-B-1,,DOM,PUR,Q4,4:23,89,64,125,PUR,416822,Andrew,Rosario,0,P2,"2PtsFG under the basket, points after turnover, layup missed",0,2,2PT,122,28
130885,30373-B-1,,DOM,PUR,Q4,4:18,89,64,125,PUR,416820,Jesus,Pizarro,11,P2,"2PtsFG under the basket, points from second chance + after turnover, fadeaway jump shot missed",0,2,2PT,154,40
130885,30373-B-1,,DOM,PUR,Q4,4:12,89,64,51,DOM,416914,Antonio,Pemberton,0,P3,3pt jump shot missed,0,3,3PT,231,139
130885,30373-B-1,,DOM,PUR,Q4,4:12,90,64,51,DOM,416769,Enmanuel,Valera,27,FT,1st of 2 free throws made,1,1,FT,0,0
130885,30373-B-1,,DOM,PUR,Q4,4:12,90,64,51,DOM,416769,Enmanuel,Valera,27,FT,2nd of 2 free throws missed,0,1,FT,0,0
130885,30373-B-1,,DOM,PUR,Q4,3:46,90,64,125,PUR,384042,Darell,Rodriguez,20,P2,"2PtsFG under the basket, driving layup missed",0,2,2PT,154,40
130885,30373-B-1,,DOM,PUR,Q4,3:23,90,64,125,PUR,384042,Darell,Rodriguez,20,P2,2pt jump shot missed,0,2,2PT,164,49
130885,30373-B-1,,DOM,PUR,Q4,3:00,91,64,51,DOM,416899,Derek,Gomez,8,FT,1st of 2 free throws made,1,1,FT,0,0
130885,30373-B-1,,DOM,PUR,Q4,3:00,92,64,51,DOM,416899,Derek,Gomez,8,FT,2nd of 2 free throws made,1,1,FT,0,0
130885,30373-B-1,,DOM,PUR,Q4,2:39,94,64,51,DOM,416767,Angel,Parreño,7,P2,"2PtsFG under the basket, points from fastbreak + after turnover, layup made",1,2,2PT,131,38
130885,30373-B-1,,DOM,PUR,Q4,2:35,94,66,125,PUR,384042,Darell,Rodriguez,20,P2,"2PtsFG under the basket, driving layup made",1,2,2PT,130,20
130885,30373-B-1,,DOM,PUR,Q4,2:35,94,66,125,PUR,384042,Darell,Rodriguez,20,FT,1st free throw missed,0,1,FT,0,0
130885,30373-B-1,,DOM,PUR,Q4,2:26,94,66,51,DOM,416767,Angel,Parreño,7,P2,"2PtsFG under the basket, driving layup missed",0,2,2PT,131,43
130885,30373-B-1,,DOM,PUR,Q4,2:11,94,66,125,PUR,319576,Gustavo,Roca,1,FT,Free throw missed 1 of 2,0,1,FT,0,0
130885,30373-B-1,,DOM,PUR,Q4,2:11,94,67,125,PUR,319576,Gustavo,Roca,1,FT,Free throw made 2 of 2,1,1,FT,0,0
130885,30373-B-1,,DOM,PUR,Q4,2:03,94,67,51,DOM,416768,Brayan,Santana,3,P2,2pt driving layup missed,0,2,2PT,153,56
130885,30373-B-1,,DOM,PUR,Q4,1:55,95,67,51,DOM,416771,Jack,Liz,5,FT,Free throw made 1 of 2,1,1,FT,0,0
130885,30373-B-1,,DOM,PUR,Q4,1:55,96,67,51,DOM,416771,Jack,Liz,5,FT,Free throw made 2 of 2,1,1,FT,0,0
130885,30373-B-1,,DOM,PUR,Q4,1:35,96,67,125,PUR,416822,Andrew,Rosario,0,P3,3pt jump shot missed,0,3,3PT,46,133
130885,30373-B-1,,DOM,PUR,Q4,1:35,96,67,125,PUR,319576,Gustavo,Roca,1,FT,1st of 2 free throws missed,0,1,FT,0,0
130885,30373-B-1,,DOM,PUR,Q4,1:35,96,67,125,PUR,319576,Gustavo,Roca,1,FT,2nd of 2 free throws missed,0,1,FT,0,0
130885,30373-B-1,,DOM,PUR,Q4,1:18,96,67,51,DOM,416767,Angel,Parreño,7,P3,3pt jump shot missed,0,3,3PT,42,135
130885,30373-B-1,,DOM,PUR,Q4,1:07,96,67,125,PUR,416822,Andrew,Rosario,0,P3,3pt jump shot missed,0,3,3PT,270,22
130885,30373-B-1,,DOM,PUR,Q4,0:48,96,67,51,DOM,384379,Luis,Valdez,12,P2,2pt driving layup missed,0,2,2PT,122,56
130885,30373-B-1,,DOM,PUR,Q4,0:48,96,69,125,PUR,319576,Gustavo,Roca,1,P2,"2PtsFG under the basket, fast break, driving layup made",1,2,2PT,133,36
130885,30373-B-1,,DOM,PUR,Q4,0:30,98,69,51,DOM,416771,Jack,Liz,5,P2,"2PtsFG under the basket, layup made",1,2,2PT,153,29
130885,30373-B-1,,DOM,PUR,Q4,0:20,98,69,125,PUR,319576,Gustavo,Roca,1,P3,3pt jump shot missed,0,3,3PT,270,34
130885,30373-B-1,,DOM,PUR,Q4,0:13,98,71,125,PUR,416822,Andrew,Rosario,0,P2,2pt jump shot made,1,2,2PT,137,76
130885,30373-B-1,,DOM,PUR,Q4,0:09,100,71,51,DOM,384379,Luis,Valdez,12,P2,"2PtsFG under the basket, fast break, layup made",1,2,2PT,153,34
130885,30373-B-1,,DOM,PUR,Q4,0:01,100,71,125,PUR,319576,Gustavo,Roca,1,P3,3pt jump shot missed,0,3,3PT,251,127
130884,30373-B-2,,VEN,CAN,Q1,9:48,0,0,34,CAN,342309,Maxime,Meyer,15,P2,"2PtsFG under the basket, turnaround jump shot missed",0,2,2PT,161,33
130884,30373-B-2,,VEN,CAN,Q1,9:33,2,0,158,VEN,378577,Kevin,Gutierrez,14,P2,"2PtsFG under the basket, driving layup made",1,2,2PT,137,32
130884,30373-B-2,,VEN,CAN,Q1,9:24,2,2,34,CAN,415966,Javion,Tyndale,3,P2,"2PtsFG under the basket, driving layup made",1,2,2PT,126,29
130884,30373-B-2,,VEN,CAN,Q1,8:57,2,4,34,CAN,342309,Maxime,Meyer,15,P2,"2PtsFG under the basket, points from fastbreak + after turnover, alley oop lay-up made",1,2,2PT,146,40
130884,30373-B-2,,VEN,CAN,Q1,8:38,2,4,158,VEN,390925,Jose,Lara,7,P2,2pt jump shot missed,0,2,2PT,145,70
130884,30373-B-2,,VEN,CAN,Q1,8:22,2,6,34,CAN,342309,Maxime,Meyer,15,P2,"2PtsFG under the basket, jump shot made",1,2,2PT,141,41
130884,30373-B-2,,VEN,CAN,Q1,8:21,2,6,34,CAN,342309,Maxime,Meyer,15,FT,1st free throw missed,0,1,FT,0,0
130884,30373-B-2,,VEN,CAN,Q1,8:00,4,6,158,VEN,378577,Kevin,Gutierrez,14,P2,"2PtsFG under the basket, layup made",1,2,2PT,135,27
130884,30373-B-2,,VEN,CAN,Q1,7:48,4,6,34,CAN,391168,Deng,Ngor,11,P3,3pt jump shot missed,0,3,3PT,20,107
130884,30373-B-2,,VEN,CAN,Q1,7:43,4,8,34,CAN,367540,Stefan,Ilic,12,P2,"2PtsFG under the basket, driving layup made",1,2,2PT,125,30
130884,30373-B-2,,VEN,CAN,Q1,7:12,4,8,158,VEN,356334,Diego,Soto,26,P2,2pt jump shot missed,0,2,2PT,81,29
130884,30373-B-2,,VEN,CAN,Q1,7:06,4,8,34,CAN,410952,Lyris,Robinson,21,P2,"2PtsFG under the basket, driving layup missed",0,2,2PT,152,40
130884,30373-B-2,,VEN,CAN,Q1,6:45,4,8,158,VEN,378547,Bryan,Gomez,5,P2,"2PtsFG under the basket, driving layup missed",0,2,2PT,138,34
130884,30373-B-2,,VEN,CAN,Q1,6:32,4,8,158,VEN,378579,Deiker,Torres,2,P2,"2PtsFG inside right, points after turnover, jump shot missed",0,2,2PT,197,69
130884,30373-B-2,,VEN,CAN,Q1,6:29,6,8,158,VEN,390925,Jose,Lara,7,P2,"2PtsFG under the basket, points from second chance + after turnover, layup made",1,2,2PT,131,27
130884,30373-B-2,,VEN,CAN,Q1,6:04,6,8,158,VEN,356334,Diego,Soto,26,P3,3pt jump shot missed,0,3,3PT,270,96
130884,30373-B-2,,VEN,CAN,Q1,5:50,6,11,34,CAN,391167,Nathan,Yambayamba,8,P3,3pt jump shot made,1,3,3PT,261,84
130884,30373-B-2,,VEN,CAN,Q1,5:32,8,11,158,VEN,416968,Yeferson,Sanchez,21,P2,"2PtsFG under the basket, driving layup made",1,2,2PT,135,40
130884,30373-B-2,,VEN,CAN,Q1,5:12,8,11,34,CAN,342682,Godson,Okokoh,4,FT,1st of 2 free throws missed,0,1,FT,0,0
130884,30373-B-2,,VEN,CAN,Q1,5:12,8,12,34,CAN,342682,Godson,Okokoh,4,FT,2nd of 2 free throws made,1,1,FT,0,0
130884,30373-B-2,,VEN,CAN,Q1,5:00,11,12,158,VEN,390925,Jose,Lara,7,P3,3pt jump shot made,1,3,3PT,9,30
130884,30373-B-2,,VEN,CAN,Q1,4:32,11,12,158,VEN,378576,Williams,Anillo,18,P2,"2PtsFG under the basket, points after turnover, driving layup missed",0,2,2PT,137,23
130884,30373-B-2,,VEN,CAN,Q1,4:25,11,12,34,CAN,392260,Abdul-Malik,Olajuwon,2,P3,3pt jump shot missed,0,3,3PT,238,130
130884,30373-B-2,,VEN,CAN,Q1,3:56,11,13,34,CAN,415966,Javion,Tyndale,3,FT,Free throw made 1 of 2,1,1,FT,0,0
130884,30373-B-2,,VEN,CAN,Q1,3:56,11,14,34,CAN,415966,Javion,Tyndale,3,FT,Free throw made 2 of 2,1,1,FT,0,0
130884,30373-B-2,,VEN,CAN,Q1,3:23,11,14,158,VEN,378576,Williams,Anillo,18,P2,"2PtsFG under the basket, jump shot missed",0,2,2PT,141,31
130884,30373-B-2,,VEN,CAN,Q1,3:17,11,16,34,CAN,367540,Stefan,Ilic,12,P2,"2PtsFG under the basket, jump shot made",1,2,2PT,118,22
130884,30373-B-2,,VEN,CAN,Q1,3:01,11,16,158,VEN,409363,Richard,Segovia,4,P3,3pt jump shot missed,0,3,3PT,227,153
130884,30373-B-2,,VEN,CAN,Q1,2:31,11,16,158,VEN,390925,Jose,Lara,7,P2,"2PtsFG under the basket, points after turnover, driving layup missed",0,2,2PT,138,32
130884,30373-B-2,,VEN,CAN,Q1,2:10,11,19,34,CAN,410952,Lyris,Robinson,21,P3,3pt jump shot made,1,3,3PT,270,28
130884,30373-B-2,,VEN,CAN,Q1,1:50,11,19,158,VEN,390925,Jose,Lara,7,P2,2pt fadeaway jump shot missed,0,2,2PT,209,71
130884,30373-B-2,,VEN,CAN,Q1,1:19,11,19,34,CAN,415966,Javion,Tyndale,3,P3,3pt jump shot missed,0,3,3PT,68,164
130884,30373-B-2,,VEN,CAN,Q1,1:13,11,19,34,CAN,410952,Lyris,Robinson,21,P3,3pt jump shot missed,0,3,3PT,268,37
130884,30373-B-2,,VEN,CAN,Q1,0:58,11,19,158,VEN,390925,Jose,Lara,7,P3,3pt jump shot missed,0,3,3PT,10,24
130884,30373-B-2,,VEN,CAN,Q1,0:52,11,19,34,CAN,410952,Lyris,Robinson,21,P2,2pt driving layup missed,0,2,2PT,172,22
130884,30373-B-2,,VEN,CAN,Q1,0:42,12,19,158,VEN,378576,Williams,Anillo,18,FT,1st of 2 free throws made,1,1,FT,0,0
130884,30373-B-2,,VEN,CAN,Q1,0:42,13,19,158,VEN,378576,Williams,Anillo,18,FT,2nd of 2 free throws made,1,1,FT,0,0
130884,30373-B-2,,VEN,CAN,Q1,0:31,13,21,34,CAN,342309,Maxime,Meyer,15,P2,"2PtsFG under the basket, jump shot made",1,2,2PT,137,29
130884,30373-B-2,,VEN,CAN,Q1,0:31,13,22,34,CAN,342309,Maxime,Meyer,15,FT,1st free throw made,1,1,FT,0,0
130884,30373-B-2,,VEN,CAN,Q1,0:20,13,22,34,CAN,410952,Lyris,Robinson,21,FT,Free throw missed 1 of 2,0,1,FT,0,0
130884,30373-B-2,,VEN,CAN,Q1,0:20,13,22,34,CAN,410952,Lyris,Robinson,21,FT,Free throw missed 2 of 2,0,1,FT,0,0
130884,30373-B-2,,VEN,CAN,Q1,0:04,13,22,158,VEN,390925,Jose,Lara,7,P3,3pt jump shot missed,0,3,3PT,258,100
130884,30373-B-2,,VEN,CAN,Q2,9:48,15,22,158,VEN,390925,Jose,Lara,7,P2,"2PtsFG under the basket, driving layup made",1,2,2PT,126,24
130884,30373-B-2,,VEN,CAN,Q2,9:29,15,22,34,CAN,415966,Javion,Tyndale,3,P2,"2PtsFG inside left, jump shot missed",0,2,2PT,74,71
130884,30373-B-2,,VEN,CAN,Q2,9:10,15,22,158,VEN,378577,Kevin,Gutierrez,14,P2,"2PtsFG inside center, jump shot missed",0,2,2PT,141,118
130884,30373-B-2,,VEN,CAN,Q2,8:55,18,22,158,VEN,409360,Juan,Perdomo,9,P3,3pt jump shot made,1,3,3PT,267,88
130884,30373-B-2,,VEN,CAN,Q2,8:35,18,22,34,CAN,342682,Godson,Okokoh,4,P3,3pt jump shot from center missed,0,3,3PT,157,166
130884,30373-B-2,,VEN,CAN,Q2,8:20,18,22,158,VEN,409360,Juan,Perdomo,9,P2,"2PtsFG inside center, jump shot missed",0,2,2PT,135,123
130884,30373-B-2,,VEN,CAN,Q2,8:18,20,22,158,VEN,409358,Samuel,Niño,23,P2,"2PtsFG under the basket, reverse lay-up made",1,2,2PT,154,29
130884,30373-B-2,,VEN,CAN,Q2,7:53,20,22,34,CAN,415966,Javion,Tyndale,3,P3,3pt step back jump shot missed,0,3,3PT,94,187
130884,30373-B-2,,VEN,CAN,Q2,7:31,20,22,158,VEN,378576,Williams,Anillo,18,P3,3pt step back jump shot missed,0,3,3PT,37,128
130884,30373-B-2,,VEN,CAN,Q2,7:12,20,24,34,CAN,410952,Lyris,Robinson,21,P2,"2PtsFG under the basket, driving layup made",1,2,2PT,135,34
130884,30373-B-2,,VEN,CAN,Q2,6:52,20,24,158,VEN,378577,Kevin,Gutierrez,14,P3,3pt jump shot from center missed,0,3,3PT,129,167
130884,30373-B-2,,VEN,CAN,Q2,6:44,20,26,34,CAN,415966,Javion,Tyndale,3,P2,"2PtsFG under the basket, fast break, driving layup made",1,2,2PT,152,35
130884,30373-B-2,,VEN,CAN,Q2,6:44,20,27,34,CAN,415966,Javion,Tyndale,3,FT,1st free throw made,1,1,FT,0,0
130884,30373-B-2,,VEN,CAN,Q2,6:23,20,27,158,VEN,409363,Richard,Segovia,4,P2,"2PtsFG under the basket, driving layup missed",0,2,2PT,160,35
130884,30373-B-2,,VEN,CAN,Q2,6:16,21,27,158,VEN,409358,Samuel,Niño,23,FT,1st of 2 free throws made,1,1,FT,0,0
130884,30373-B-2,,VEN,CAN,Q2,6:16,22,27,158,VEN,409358,Samuel,Niño,23,FT,2nd of 2 free throws made,1,1,FT,0,0
130884,30373-B-2,,VEN,CAN,Q2,5:57,22,29,34,CAN,391167,Nathan,Yambayamba,8,P2,2pt hook shot made,1,2,2PT,142,55
130884,30373-B-2,,VEN,CAN,Q2,5:34,22,29,158,VEN,409358,Samuel,Niño,23,P2,"2PtsFG under the basket, reverse lay-up missed",0,2,2PT,145,28
130884,30373-B-2,,VEN,CAN,Q2,5:16,22,31,34,CAN,342309,Maxime,Meyer,15,P2,"2PtsFG under the basket, dunk made",1,2,2PT,144,36
130884,30373-B-2,,VEN,CAN,Q2,4:53,22,31,158,VEN,378576,Williams,Anillo,18,P2,"2PtsFG under the basket, driving layup missed",0,2,2PT,146,37
130884,30373-B-2,,VEN,CAN,Q2,4:48,22,31,34,CAN,415968,Settimo,Yugu,5,FT,1st of 2 free throws missed,0,1,FT,0,0
130884,30373-B-2,,VEN,CAN,Q2,4:48,22,32,34,CAN,415968,Settimo,Yugu,5,FT,2nd of 2 free throws made,1,1,FT,0,0
130884,30373-B-2,,VEN,CAN,Q2,4:37,23,32,158,VEN,378547,Bryan,Gomez,5,FT,1st of 2 free throws made,1,1,FT,0,0
130884,30373-B-2,,VEN,CAN,Q2,4:37,24,32,158,VEN,378547,Bryan,Gomez,5,FT,2nd of 2 free throws made,1,1,FT,0,0
130884,30373-B-2,,VEN,CAN,Q2,4:22,27,32,158,VEN,378577,Kevin,Gutierrez,14,P3,"3PtsFG outside left, points from fastbreak + after turnover, jump shot made",1,3,3PT,38,132
130884,30373-B-2,,VEN,CAN,Q2,4:03,27,32,34,CAN,415966,Javion,Tyndale,3,P3,3pt jump shot missed,0,3,3PT,215,161
130884,30373-B-2,,VEN,CAN,Q2,3:48,27,32,34,CAN,342309,Maxime,Meyer,15,P2,2pt hook shot missed,0,2,2PT,76,29
130884,30373-B-2,,VEN,CAN,Q2,3:33,27,32,158,VEN,378547,Bryan,Gomez,5,FT,1st of 2 free throws missed,0,1,FT,0,0
130884,30373-B-2,,VEN,CAN,Q2,3:33,27,32,158,VEN,378547,Bryan,Gomez,5,FT,2nd of 2 free throws missed,0,1,FT,0,0
130884,30373-B-2,,VEN,CAN,Q2,3:22,27,35,34,CAN,410952,Lyris,Robinson,21,P3,3pt jump shot made,1,3,3PT,23,107
130884,30373-B-2,,VEN,CAN,Q2,3:05,30,35,158,VEN,378579,Deiker,Torres,2,P3,3pt jump shot from center made,1,3,3PT,159,165
130884,30373-B-2,,VEN,CAN,Q2,2:51,30,36,34,CAN,367540,Stefan,Ilic,12,FT,1st of 2 free throws made,1,1,FT,0,0
130884,30373-B-2,,VEN,CAN,Q2,2:51,30,37,34,CAN,367540,Stefan,Ilic,12,FT,2nd of 2 free throws made,1,1,FT,0,0
130884,30373-B-2,,VEN,CAN,Q2,2:40,30,37,158,VEN,378577,Kevin,Gutierrez,14,P2,"2PtsFG under the basket, jump shot missed",0,2,2PT,120,40
130884,30373-B-2,,VEN,CAN,Q2,2:32,30,37,158,VEN,409360,Juan,Perdomo,9,P2,"2PtsFG inside right, jump shot missed",0,2,2PT,205,67
130884,30373-B-2,,VEN,CAN,Q2,2:24,30,37,34,CAN,391168,Deng,Ngor,11,FT,1st of 2 free throws missed,0,1,FT,0,0
130884,30373-B-2,,VEN,CAN,Q2,2:24,30,38,34,CAN,391168,Deng,Ngor,11,FT,2nd of 2 free throws made,1,1,FT,0,0
130884,30373-B-2,,VEN,CAN,Q2,2:08,30,40,34,CAN,342309,Maxime,Meyer,15,P2,"2PtsFG under the basket, points from fastbreak + after turnover, alley oop dunk made",1,2,2PT,143,22
130884,30373-B-2,,VEN,CAN,Q2,1:49,30,40,158,VEN,390925,Jose,Lara,7,P3,3pt jump shot missed,0,3,3PT,8,40
130884,30373-B-2,,VEN,CAN,Q2,1:42,30,42,34,CAN,415966,Javion,Tyndale,3,P2,"2PtsFG under the basket, points from fastbreak + after turnover, driving layup made",1,2,2PT,134,41
130884,30373-B-2,,VEN,CAN,Q2,1:23,30,42,158,VEN,409358,Samuel,Niño,23,P2,"2PtsFG under the basket, driving layup missed",0,2,2PT,164,32
130884,30373-B-2,,VEN,CAN,Q2,1:22,31,42,158,VEN,409358,Samuel,Niño,23,FT,1st of 2 free throws made,1,1,FT,0,0
130884,30373-B-2,,VEN,CAN,Q2,1:22,31,42,158,VEN,409358,Samuel,Niño,23,FT,2nd of 2 free throws missed,0,1,FT,0,0
130884,30373-B-2,,VEN,CAN,Q2,1:12,31,42,34,CAN,367540,Stefan,Ilic,12,P2,"2PtsFG under the basket, jump shot missed",0,2,2PT,119,26
130884,30373-B-2,,VEN,CAN,Q2,0:54,34,42,158,VEN,409360,Juan,Perdomo,9,P3,3pt jump shot made,1,3,3PT,54,132
130884,30373-B-2,,VEN,CAN,Q2,0:32,34,45,34,CAN,410952,Lyris,Robinson,21,P3,3pt jump shot made,1,3,3PT,23,114
130884,30373-B-2,,VEN,CAN,Q2,0:03,34,47,34,CAN,391168,Deng,Ngor,11,P2,"2PtsFG under the basket, points from fastbreak + after turnover, alley oop dunk made",1,2,2PT,138,32
130884,30373-B-2,,VEN,CAN,Q3,9:40,34,47,34,CAN,415966,Javion,Tyndale,3,FT,1st of 2 free throws missed,0,1,FT,0,0
130884,30373-B-2,,VEN,CAN,Q3,9:40,34,47,34,CAN,415966,Javion,Tyndale,3,FT,2nd of 2 free throws missed,0,1,FT,0,0
130884,30373-B-2,,VEN,CAN,Q3,9:15,34,49,34,CAN,415966,Javion,Tyndale,3,P2,"2PtsFG under the basket, points from fastbreak + after turnover, layup made",1,2,2PT,135,30
130884,30373-B-2,,VEN,CAN,Q3,8:59,34,49,158,VEN,378577,Kevin,Gutierrez,14,P3,3pt jump shot missed,0,3,3PT,43,155
130884,30373-B-2,,VEN,CAN,Q3,8:45,34,49,34,CAN,367540,Stefan,Ilic,12,P2,"2PtsFG under the basket, jump shot missed",0,2,2PT,152,30
130884,30373-B-2,,VEN,CAN,Q3,8:27,34,51,34,CAN,391168,Deng,Ngor,11,P2,"2PtsFG under the basket, points from fastbreak + after turnover, dunk made",1,2,2PT,137,27
130884,30373-B-2,,VEN,CAN,Q3,7:58,34,53,34,CAN,342309,Maxime,Meyer,15,P2,"2PtsFG under the basket, points after turnover, alley oop dunk made",1,2,2PT,141,31
130884,30373-B-2,,VEN,CAN,Q3,7:34,34,53,158,VEN,409360,Juan,Perdomo,9,P3,3pt jump shot missed,0,3,3PT,269,65
130884,30373-B-2,,VEN,CAN,Q3,7:17,34,53,158,VEN,409360,Juan,Perdomo,9,P3,3pt jump shot missed,0,3,3PT,253,112
130884,30373-B-2,,VEN,CAN,Q3,6:54,34,54,34,CAN,410952,Lyris,Robinson,21,FT,1st of 3 free throws made,1,1,FT,0,0
130884,30373-B-2,,VEN,CAN,Q3,6:54,34,55,34,CAN,410952,Lyris,Robinson,21,FT,2nd of 3 free throws made,1,1,FT,0,0
130884,30373-B-2,,VEN,CAN,Q3,6:54,34,56,34,CAN,410952,Lyris,Robinson,21,FT,3rd of 3 free throws made,1,1,FT,0,0
130884,30373-B-2,,VEN,CAN,Q3,6:35,35,56,158,VEN,409360,Juan,Perdomo,9,FT,1st of 2 free throws made,1,1,FT,0,0
130884,30373-B-2,,VEN,CAN,Q3,6:35,36,56,158,VEN,409360,Juan,Perdomo,9,FT,2nd of 2 free throws made,1,1,FT,0,0
130884,30373-B-2,,VEN,CAN,Q3,6:19,36,58,34,CAN,415967,Kymani,Walters,6,P2,"2PtsFG under the basket, driving layup made",1,2,2PT,145,27
130884,30373-B-2,,VEN,CAN,Q3,6:00,36,58,158,VEN,416954,Leonardo,Benitez,30,P2,"2PtsFG under the basket, driving layup missed",0,2,2PT,127,27
130884,30373-B-2,,VEN,CAN,Q3,5:52,36,59,34,CAN,367540,Stefan,Ilic,12,FT,1st of 2 free throws made,1,1,FT,0,0
130884,30373-B-2,,VEN,CAN,Q3,5:52,36,60,34,CAN,367540,Stefan,Ilic,12,FT,2nd of 2 free throws made,1,1,FT,0,0
130884,30373-B-2,,VEN,CAN,Q3,5:32,38,60,158,VEN,390925,Jose,Lara,7,P2,"2PtsFG under the basket, driving layup made",1,2,2PT,138,35
130884,30373-B-2,,VEN,CAN,Q3,5:24,38,60,34,CAN,342682,Godson,Okokoh,4,P3,3pt jump shot missed,0,3,3PT,26,101
130884,30373-B-2,,VEN,CAN,Q3,5:19,38,60,34,CAN,271788,Mateo,Vigneault,22,FT,1st of 2 free throws missed,0,1,FT,0,0
130884,30373-B-2,,VEN,CAN,Q3,5:19,38,61,34,CAN,271788,Mateo,Vigneault,22,FT,2nd of 2 free throws made,1,1,FT,0,0
130884,30373-B-2,,VEN,CAN,Q3,5:09,38,61,158,VEN,416954,Leonardo,Benitez,30,FT,1st of 2 free throws missed,0,1,FT,0,0
130884,30373-B-2,,VEN,CAN,Q3,5:09,38,61,158,VEN,416954,Leonardo,Benitez,30,FT,2nd of 2 free throws missed,0,1,FT,0,0
130884,30373-B-2,,VEN,CAN,Q3,4:53,38,61,34,CAN,391167,Nathan,Yambayamba,8,P3,3pt jump shot missed,0,3,3PT,9,46
130884,30373-B-2,,VEN,CAN,Q3,4:50,38,63,34,CAN,342682,Godson,Okokoh,4,P2,"2PtsFG under the basket, layup made",1,2,2PT,147,33
130884,30373-B-2,,VEN,CAN,Q3,4:25,38,63,158,VEN,378547,Bryan,Gomez,5,P2,2pt hook shot missed,0,2,2PT,145,74
130884,30373-B-2,,VEN,CAN,Q3,4:06,38,65,34,CAN,271788,Mateo,Vigneault,22,P2,"2PtsFG inside left wing, points after turnover, jump shot made",1,2,2PT,77,33
130884,30373-B-2,,VEN,CAN,Q3,3:39,38,65,158,VEN,390925,Jose,Lara,7,P2,"2PtsFG under the basket, driving layup missed",0,2,2PT,136,33
130884,30373-B-2,,VEN,CAN,Q3,3:30,38,65,34,CAN,392260,Abdul-Malik,Olajuwon,2,P3,3pt jump shot missed,0,3,3PT,208,163
130884,30373-B-2,,VEN,CAN,Q3,3:21,40,65,158,VEN,378576,Williams,Anillo,18,P2,"2PtsFG under the basket, points from fastbreak + after turnover, dunk made",1,2,2PT,145,34
130884,30373-B-2,,VEN,CAN,Q3,3:10,40,65,34,CAN,391167,Nathan,Yambayamba,8,P3,3pt jump shot missed,0,3,3PT,276,43
130884,30373-B-2,,VEN,CAN,Q3,2:47,40,65,158,VEN,378576,Williams,Anillo,18,P2,"2PtsFG inside center, jump shot missed",0,2,2PT,96,113
130884,30373-B-2,,VEN,CAN,Q3,2:36,40,65,158,VEN,416954,Leonardo,Benitez,30,P2,"2PtsFG under the basket, driving layup missed",0,2,2PT,128,27
130884,30373-B-2,,VEN,CAN,Q3,2:29,40,66,34,CAN,415966,Javion,Tyndale,3,FT,1st of 2 free throws made,1,1,FT,0,0
130884,30373-B-2,,VEN,CAN,Q3,2:29,40,67,34,CAN,415966,Javion,Tyndale,3,FT,2nd of 2 free throws made,1,1,FT,0,0
130884,30373-B-2,,VEN,CAN,Q3,2:00,40,67,34,CAN,415968,Settimo,Yugu,5,FT,1st of 2 free throws missed,0,1,FT,0,0
130884,30373-B-2,,VEN,CAN,Q3,2:00,40,68,34,CAN,415968,Settimo,Yugu,5,FT,2nd of 2 free throws made,1,1,FT,0,0
130884,30373-B-2,,VEN,CAN,Q3,1:40,40,70,34,CAN,392260,Abdul-Malik,Olajuwon,2,P2,"2PtsFG under the basket, points from fastbreak + after turnover, dunk made",1,2,2PT,135,23
130884,30373-B-2,,VEN,CAN,Q3,1:27,40,70,158,VEN,409363,Richard,Segovia,4,P2,"2PtsFG inside center, jump shot missed",0,2,2PT,180,111
130884,30373-B-2,,VEN,CAN,Q3,1:18,40,70,34,CAN,392260,Abdul-Malik,Olajuwon,2,P2,"2PtsFG under the basket, driving layup missed",0,2,2PT,129,27
130884,30373-B-2,,VEN,CAN,Q3,1:15,40,72,34,CAN,415963,Emmanuel,Oko-Oboh,24,P2,"2PtsFG under the basket, layup made",1,2,2PT,149,27
130884,30373-B-2,,VEN,CAN,Q3,0:53,40,72,158,VEN,409358,Samuel,Niño,23,P2,"2PtsFG under the basket, driving layup missed",0,2,2PT,144,32
130884,30373-B-2,,VEN,CAN,Q3,0:47,40,74,34,CAN,415966,Javion,Tyndale,3,P2,"2PtsFG under the basket, fast break, driving layup made",1,2,2PT,150,31
130884,30373-B-2,,VEN,CAN,Q3,0:31,41,74,158,VEN,409363,Richard,Segovia,4,FT,1st of 2 free throws made,1,1,FT,0,0
130884,30373-B-2,,VEN,CAN,Q3,0:31,42,74,158,VEN,409363,Richard,Segovia,4,FT,2nd of 2 free throws made,1,1,FT,0,0
130884,30373-B-2,,VEN,CAN,Q3,0:20,42,74,34,CAN,415966,Javion,Tyndale,3,P2,"2PtsFG under the basket, driving layup missed",0,2,2PT,147,31
130884,30373-B-2,,VEN,CAN,Q3,0:03,42,77,34,CAN,415968,Settimo,Yugu,5,P3,"3PtsFG outside right, points from fastbreak + after turnover, jump shot made",1,3,3PT,270,62
130884,30373-B-2,,VEN,CAN,Q4,9:38,44,77,158,VEN,416968,Yeferson,Sanchez,21,P2,"2PtsFG under the basket, turnaround jump shot made",1,2,2PT,141,34
130884,30373-B-2,,VEN,CAN,Q4,9:08,44,77,158,VEN,390925,Jose,Lara,7,P3,3pt jump shot missed,0,3,3PT,265,82
130884,30373-B-2,,VEN,CAN,Q4,8:53,44,77,34,CAN,391168,Deng,Ngor,11,P2,"2PtsFG under the basket, turnaround jump shot missed",0,2,2PT,158,34
130884,30373-B-2,,VEN,CAN,Q4,8:49,44,77,34,CAN,342309,Maxime,Meyer,15,P2,2PtsFG under the basket missed,0,2,2PT,140,31
130884,30373-B-2,,VEN,CAN,Q4,8:40,44,77,158,VEN,378576,Williams,Anillo,18,P3,3pt jump shot missed,0,3,3PT,244,104
130884,30373-B-2,,VEN,CAN,Q4,8:20,45,77,158,VEN,409358,Samuel,Niño,23,FT,Free throw made 1 of 2,1,1,FT,0,0
130884,30373-B-2,,VEN,CAN,Q4,8:20,45,77,158,VEN,409358,Samuel,Niño,23,FT,Free throw missed 2 of 2,0,1,FT,0,0
130884,30373-B-2,,VEN,CAN,Q4,7:57,45,77,158,VEN,416968,Yeferson,Sanchez,21,P2,"2PtsFG under the basket, points after turnover, jump shot missed",0,2,2PT,145,41
130884,30373-B-2,,VEN,CAN,Q4,7:49,45,80,34,CAN,410952,Lyris,Robinson,21,P3,3pt jump shot made,1,3,3PT,40,124
130884,30373-B-2,,VEN,CAN,Q4,7:33,45,80,158,VEN,378579,Deiker,Torres,2,P3,3pt jump shot missed,0,3,3PT,26,117
130884,30373-B-2,,VEN,CAN,Q4,7:01,45,80,34,CAN,271788,Mateo,Vigneault,22,P2,"2PtsFG under the basket, points after turnover, driving layup missed",0,2,2PT,129,27
130884,30373-B-2,,VEN,CAN,Q4,6:58,45,82,34,CAN,410952,Lyris,Robinson,21,P2,"2PtsFG under the basket, points from second chance + fastbreak + after turnover, layup made",1,2,2PT,151,29
130884,30373-B-2,,VEN,CAN,Q4,6:37,45,82,158,VEN,356334,Diego,Soto,26,P2,"2PtsFG inside right wing, jump shot missed",0,2,2PT,216,26
130884,30373-B-2,,VEN,CAN,Q4,6:24,45,85,34,CAN,391167,Nathan,Yambayamba,8,P3,3pt jump shot made,1,3,3PT,228,136
130884,30373-B-2,,VEN,CAN,Q4,6:08,45,85,158,VEN,409358,Samuel,Niño,23,P3,3pt jump shot missed,0,3,3PT,75,165
130884,30373-B-2,,VEN,CAN,Q4,6:02,45,85,34,CAN,391167,Nathan,Yambayamba,8,P2,"2PtsFG under the basket, driving layup missed",0,2,2PT,145,28
130884,30373-B-2,,VEN,CAN,Q4,5:29,45,85,158,VEN,356334,Diego,Soto,26,P2,"2PtsFG under the basket, points after turnover, jump shot missed",0,2,2PT,129,42
130884,30373-B-2,,VEN,CAN,Q4,5:16,45,85,158,VEN,356334,Diego,Soto,26,P2,"2PtsFG under the basket, points from second chance + after turnover, driving layup missed",0,2,2PT,157,42
130884,30373-B-2,,VEN,CAN,Q4,5:11,45,86,34,CAN,342682,Godson,Okokoh,4,FT,1st of 2 free throws made,1,1,FT,0,0
130884,30373-B-2,,VEN,CAN,Q4,5:11,45,87,34,CAN,342682,Godson,Okokoh,4,FT,2nd of 2 free throws made,1,1,FT,0,0
130884,30373-B-2,,VEN,CAN,Q4,4:48,45,89,34,CAN,392260,Abdul-Malik,Olajuwon,2,P2,"2PtsFG under the basket, points from fastbreak + after turnover, driving layup made",1,2,2PT,138,36
130884,30373-B-2,,VEN,CAN,Q4,4:30,45,89,158,VEN,356334,Diego,Soto,26,P2,"2PtsFG inside center, jump shot missed",0,2,2PT,183,107
130884,30373-B-2,,VEN,CAN,Q4,4:24,45,90,34,CAN,342682,Godson,Okokoh,4,FT,1st of 2 free throws made,1,1,FT,0,0
130884,30373-B-2,,VEN,CAN,Q4,4:23,45,90,34,CAN,342682,Godson,Okokoh,4,FT,2nd of 2 free throws missed,0,1,FT,0,0
130884,30373-B-2,,VEN,CAN,Q4,3:50,45,90,34,CAN,392260,Abdul-Malik,Olajuwon,2,P3,3pt jump shot missed,0,3,3PT,3,34
130884,30373-B-2,,VEN,CAN,Q4,3:43,45,90,158,VEN,356334,Diego,Soto,26,P2,"2PtsFG under the basket, driving layup missed",0,2,2PT,144,25
130884,30373-B-2,,VEN,CAN,Q4,3:37,45,92,34,CAN,392260,Abdul-Malik,Olajuwon,2,P2,"2PtsFG under the basket, fast break, driving layup made",1,2,2PT,130,32
130884,30373-B-2,,VEN,CAN,Q4,3:22,45,92,158,VEN,409398,Isaac,Montero,20,P3,3pt jump shot missed,0,3,3PT,214,145
130884,30373-B-2,,VEN,CAN,Q4,3:08,45,95,34,CAN,342682,Godson,Okokoh,4,P3,3pt jump shot made,1,3,3PT,79,154
130884,30373-B-2,,VEN,CAN,Q4,2:45,47,95,158,VEN,409398,Isaac,Montero,20,P2,"2PtsFG under the basket, driving layup made",1,2,2PT,142,30
130884,30373-B-2,,VEN,CAN,Q4,2:31,49,95,158,VEN,356334,Diego,Soto,26,P2,"2PtsFG under the basket, points from fastbreak + after turnover, driving layup made",1,2,2PT,135,31
130884,30373-B-2,,VEN,CAN,Q4,2:30,49,95,158,VEN,356334,Diego,Soto,26,FT,Free throw missed 1 of 1,0,1,FT,0,0
130884,30373-B-2,,VEN,CAN,Q4,2:16,49,95,34,CAN,415967,Kymani,Walters,6,P3,3pt jump shot missed,0,3,3PT,80,165
130884,30373-B-2,,VEN,CAN,Q4,2:13,49,96,34,CAN,415968,Settimo,Yugu,5,FT,1st of 2 free throws made,1,1,FT,0,0
130884,30373-B-2,,VEN,CAN,Q4,2:13,49,97,34,CAN,415968,Settimo,Yugu,5,FT,2nd of 2 free throws made,1,1,FT,0,0
130884,30373-B-2,,VEN,CAN,Q4,1:56,49,97,158,VEN,409363,Richard,Segovia,4,P3,3pt jump shot missed,0,3,3PT,270,38
130884,30373-B-2,,VEN,CAN,Q4,1:37,49,97,34,CAN,415963,Emmanuel,Oko-Oboh,24,P2,"2PtsFG under the basket, hook shot missed",0,2,2PT,141,42
130884,30373-B-2,,VEN,CAN,Q4,1:31,49,99,34,CAN,415967,Kymani,Walters,6,P2,"2PtsFG under the basket, driving layup made",1,2,2PT,149,29
130884,30373-B-2,,VEN,CAN,Q4,1:31,49,100,34,CAN,415967,Kymani,Walters,6,FT,free throw made,1,1,FT,0,0
130884,30373-B-2,,VEN,CAN,Q4,1:09,50,100,158,VEN,356334,Diego,Soto,26,FT,1st of 2 free throws made,1,1,FT,0,0
130884,30373-B-2,,VEN,CAN,Q4,1:09,51,100,158,VEN,356334,Diego,Soto,26,FT,2nd of 2 free throws made,1,1,FT,0,0
130884,30373-B-2,,VEN,CAN,Q4,0:56,51,102,34,CAN,392260,Abdul-Malik,Olajuwon,2,P2,"2PtsFG inside center, jump shot made",1,2,2PT,146,119
130884,30373-B-2,,VEN,CAN,Q4,0:32,51,102,158,VEN,416954,Leonardo,Benitez,30,P2,"2PtsFG inside center, jump shot missed",0,2,2PT,118,115
130884,30373-B-2,,VEN,CAN,Q4,0:25,51,102,34,CAN,342682,Godson,Okokoh,4,FT,1st of 2 free throws missed,0,1,FT,0,0
130884,30373-B-2,,VEN,CAN,Q4,0:25,51,102,34,CAN,342682,Godson,Okokoh,4,FT,2nd of 2 free throws missed,0,1,FT,0,0
130884,30373-B-2,,VEN,CAN,Q4,0:06,51,102,158,VEN,409398,Isaac,Montero,20,P2,"2PtsFG under the basket, jump shot missed",0,2,2PT,134,43
130884,30373-B-2,,VEN,CAN,Q4,0:01,51,105,34,CAN,271788,Mateo,Vigneault,22,P3,3pt jump shot made,1,3,3PT,24,105
