Fecha,Condicion equipos,Equipo,Rival,Número Camiseta,Apellido,Nombre,Nombre completo,Segundos jugados,Tiempo jugado (mm:ss),Puntos,T2A,T2I,T2%,T3A,T3I,T3%,T1A,T1I,T1%,DReb,OReb,TReb,Asistencias,Recuperos,Perdidas,Tapones cometidos,Tapones recibidos,Faltas Cometidas,Faltas Recibidas,Valoracion,Ganado,Estadio,IdPartido,Etapa,Titular,Plus/minus
10/12/2025,LOCAL,URU,ARG,13,RAMÍREZ,VALENTINO,"RAMÍREZ, V.",1080,18:0,4,2,2,100.0,0,0,0.0,0,1,0.0,2,0,2,0,0,1,1,0,1,1,5,0,"Estadio Primero de Marzo, Asunción",125521,Grupo A,0,-16
10/12/2025,LOCAL,URU,ARG,11,TESTA,NICOLAS,"TESTA, N.",1353,22:33,8,1,4,25.0,2,4,50.0,0,0,0.0,2,4,6,1,1,6,0,0,1,0,5,0,"Estadio Primero de Marzo, Asunción",125521,Grupo A,1,-19
10/12/2025,LOCAL,URU,ARG,10,GOMEZ,LAUTARO,"GOMEZ, L.",1030,17:10,14,7,12,58.3,0,0,0.0,0,1,0.0,4,4,8,1,1,2,1,0,3,1,17,0,"Estadio Primero de Marzo, Asunción",125521,Grupo A,1,-12
10/12/2025,LOCAL,URU,ARG,8,CRUZ,FEDERICO,"CRUZ, F.",1288,21:28,2,1,4,25.0,0,0,0.0,0,0,0.0,2,1,3,4,0,4,0,0,0,6,2,0,"Estadio Primero de Marzo, Asunción",125521,Grupo A,0,-24
10/12/2025,LOCAL,URU,ARG,5,IZUIBEJERES,FACUNDO,"IZUIBEJERES, F.",610,10:10,0,0,1,0.0,0,2,0.0,0,0,0.0,0,0,0,3,0,2,0,0,2,0,-2,0,"Estadio Primero de Marzo, Asunción",125521,Grupo A,0,-4
10/12/2025,LOCAL,URU,ARG,4,PASTRANA,MANUEL,"PASTRANA, M.",1269,21:9,0,0,4,0.0,0,2,0.0,0,0,0.0,3,2,5,0,1,1,0,0,0,0,-1,0,"Estadio Primero de Marzo, Asunción",125521,Grupo A,0,-15
10/12/2025,LOCAL,URU,ARG,0,ABAL,TOMAS,"ABAL, T.",1038,17:18,7,1,1,100.0,1,1,100.0,2,2,100.0,2,0,2,1,0,0,0,0,3,3,10,0,"Estadio Primero de Marzo, Asunción",125521,Grupo A,0,-13
10/12/2025,LOCAL,URU,ARG,15,VENET,GABRIEL,"VENET, G.",756,12:36,2,1,4,25.0,0,2,0.0,0,0,0.0,1,1,2,1,0,3,0,0,4,0,-3,0,"Estadio Primero de Marzo, Asunción",125521,Grupo A,1,-16
10/12/2025,LOCAL,URU,ARG,19,FATA,GABRIEL,"FATA, G.",1197,19:57,11,3,7,42.9,1,5,20.0,2,2,100.0,3,0,3,3,0,1,0,0,2,5,8,0,"Estadio Primero de Marzo, Asunción",125521,Grupo A,1,-18
10/12/2025,LOCAL,URU,ARG,21,MICHAELSSON,THIAGO,"MICHAELSSON, T.",1041,17:21,6,3,4,75.0,0,0,0.0,0,2,0.0,2,0,2,0,0,0,0,0,1,1,5,0,"Estadio Primero de Marzo, Asunción",125521,Grupo A,0,-15
10/12/2025,LOCAL,URU,ARG,22,OROZCO,LUCAS,"OROZCO, L.",1048,17:28,3,1,4,25.0,0,1,0.0,1,2,50.0,3,0,3,1,0,0,0,0,1,1,2,0,"Estadio Primero de Marzo, Asunción",125521,Grupo A,1,-16
10/12/2025,LOCAL,URU,ARG,29,GUZZETTI,JUAN,"GUZZETTI, J.",290,4:50,1,0,1,0.0,0,0,0.0,1,2,50.0,1,0,1,0,0,1,0,0,2,1,-1,0,"Estadio Primero de Marzo, Asunción",125521,Grupo A,0,-7
10/12/2025,VISITANTE,ARG,URU,2,PETTOVELLO,BENJAMIN,"PETTOVELLO, B.",1109,18:29,13,4,4,100.0,0,0,0.0,5,6,83.3,3,0,3,2,1,0,2,0,1,5,20,1,"Estadio Primero de Marzo, Asunción",125521,Grupo A,1,17
10/12/2025,VISITANTE,ARG,URU,4,HERNANDEZ,MANUEL,"HERNANDEZ, M.",1337,22:17,20,3,5,60.0,4,8,50.0,2,3,66.7,3,4,7,0,2,1,0,0,1,2,21,1,"Estadio Primero de Marzo, Asunción",125521,Grupo A,1,22
10/12/2025,VISITANTE,ARG,URU,5,CORNALIS,FACUNDO,"CORNALIS, F.",1398,23:18,4,2,3,66.7,0,4,0.0,0,0,0.0,1,2,3,2,0,2,0,0,1,1,2,1,"Estadio Primero de Marzo, Asunción",125521,Grupo A,1,25
10/12/2025,VISITANTE,ARG,URU,6,GOBETTI,BAUTISTA,"GOBETTI, B.",871,14:31,2,1,1,100.0,0,1,0.0,0,0,0.0,5,1,6,0,0,0,0,0,3,0,7,1,"Estadio Primero de Marzo, Asunción",125521,Grupo A,0,17
10/12/2025,VISITANTE,ARG,URU,7,TORRENS,ELIAS,"TORRENS, E.",724,12:4,8,4,6,66.7,0,0,0.0,0,1,0.0,2,3,5,0,0,1,2,0,3,1,11,1,"Estadio Primero de Marzo, Asunción",125521,Grupo A,0,11
10/12/2025,VISITANTE,ARG,URU,8,AMAN,GONZALO,"AMAN, G.",1318,21:58,8,2,2,100.0,1,6,16.7,1,5,20.0,5,0,5,4,0,2,0,0,1,4,6,1,"Estadio Primero de Marzo, Asunción",125521,Grupo A,1,18
10/12/2025,VISITANTE,ARG,URU,9,CELIZ,JOAQUIN,"CELIZ, J.",760,12:40,6,1,4,25.0,1,2,50.0,1,1,100.0,3,1,4,0,0,1,0,0,1,0,5,1,"Estadio Primero de Marzo, Asunción",125521,Grupo A,0,7
10/12/2025,VISITANTE,ARG,URU,10,CAUMO,JOAQUIN,"CAUMO, J.",1249,20:49,21,2,5,40.0,5,9,55.6,2,4,50.0,0,0,0,4,4,0,0,0,3,3,20,1,"Estadio Primero de Marzo, Asunción",125521,Grupo A,0,15
10/12/2025,VISITANTE,ARG,URU,11,MORAVANSKY,ROMAN,"MORAVANSKY, R.",1036,17:16,3,0,2,0.0,1,3,33.3,0,0,0.0,0,0,0,2,2,2,0,0,3,2,1,1,"Estadio Primero de Marzo, Asunción",125521,Grupo A,0,3
10/12/2025,VISITANTE,ARG,URU,12,FESSIA,MATEO,"FESSIA, M.",556,9:16,6,2,3,66.7,0,0,0.0,2,2,100.0,3,1,4,2,2,3,0,0,0,2,10,1,"Estadio Primero de Marzo, Asunción",125521,Grupo A,0,17
10/12/2025,VISITANTE,ARG,URU,14,PETTINAROLI,SANTIAGO,"PETTINAROLI, S.",1075,17:55,2,1,3,33.3,0,2,0.0,0,0,0.0,3,1,4,0,0,1,0,0,2,0,1,1,"Estadio Primero de Marzo, Asunción",125521,Grupo A,1,16
10/12/2025,VISITANTE,ARG,URU,15,MARQUEZ,JUAN,"MARQUEZ, J.",567,9:27,0,0,2,0.0,0,0,0.0,0,0,0.0,1,0,1,0,0,0,0,0,0,0,-1,1,"Estadio Primero de Marzo, Asunción",125521,Grupo A,0,7
10/12/2025,LOCAL,ECU,COL,7,DAZA,JOSÉ,"DAZA, J.",966,16:6,5,2,3,66.7,0,0,0.0,1,2,50.0,5,0,5,0,1,2,0,0,4,1,7,0,"Estadio Primero de Marzo, Asunción",125522,Grupo A,1,-9
10/12/2025,LOCAL,ECU,COL,2,CASTILLO,JUAN,"CASTILLO, J.",1328,22:8,5,1,6,16.7,1,4,25.0,0,0,0.0,5,1,6,5,0,4,0,0,0,1,4,0,"Estadio Primero de Marzo, Asunción",125522,Grupo A,1,-22
10/12/2025,LOCAL,ECU,COL,1,CEVALLOS,MICHAEL,"CEVALLOS, M.",1651,27:31,12,0,3,0.0,4,7,57.1,0,0,0.0,2,1,3,2,3,1,0,0,2,0,13,0,"Estadio Primero de Marzo, Asunción",125522,Grupo A,0,-31
10/12/2025,LOCAL,ECU,COL,10,ZAMBRANO,ALHAN,"ZAMBRANO, A.",1357,22:37,8,0,1,0.0,2,3,66.7,2,2,100.0,0,0,0,1,1,6,0,0,1,3,2,0,"Estadio Primero de Marzo, Asunción",125522,Grupo A,0,-12
10/12/2025,LOCAL,ECU,COL,12,MANJARRES,RODRIGO,"MANJARRES, R.",164,2:44,0,0,0,0.0,0,0,0.0,0,0,0.0,0,0,0,0,0,1,0,0,1,0,-1,0,"Estadio Primero de Marzo, Asunción",125522,Grupo A,0,-6
10/12/2025,LOCAL,ECU,COL,13,MINA,JAHIR,"MINA, J.",542,9:2,3,1,1,100.0,0,3,0.0,1,2,50.0,0,0,0,1,1,0,0,0,0,2,1,0,"Estadio Primero de Marzo, Asunción",125522,Grupo A,0,-8
10/12/2025,LOCAL,ECU,COL,14,NOBOA,FELIPE,"NOBOA, F.",1617,26:57,5,1,5,20.0,1,6,16.7,0,0,0.0,2,0,2,1,2,3,0,0,2,2,-2,0,"Estadio Primero de Marzo, Asunción",125522,Grupo A,1,-16
10/12/2025,LOCAL,ECU,COL,15,IBARRA,ISMAEL,"IBARRA, I.",964,16:4,0,0,4,0.0,0,0,0.0,0,0,0.0,4,3,7,0,0,2,0,0,1,1,1,0,"Estadio Primero de Marzo, Asunción",125522,Grupo A,0,-18
10/12/2025,LOCAL,ECU,COL,23,QUIÑONEZ,ADAIR,"QUIÑONEZ, A.",1706,28:26,6,2,5,40.0,0,4,0.0,2,2,100.0,4,5,9,2,1,2,0,0,1,3,9,0,"Estadio Primero de Marzo, Asunción",125522,Grupo A,1,-22
10/12/2025,LOCAL,ECU,COL,32,COROZO,JEREMY,"COROZO, J.",698,11:38,1,0,2,0.0,0,0,0.0,1,2,50.0,2,1,3,1,0,0,1,0,0,1,3,0,"Estadio Primero de Marzo, Asunción",125522,Grupo A,0,-2
10/12/2025,LOCAL,ECU,COL,33,REYES,DEIVIS,"REYES, D.",370,6:10,0,0,1,0.0,0,1,0.0,0,0,0.0,0,0,0,0,0,0,0,0,1,0,-2,0,"Estadio Primero de Marzo, Asunción",125522,Grupo A,0,-14
10/12/2025,LOCAL,ECU,COL,48,VARGAS,LHEYDER,"VARGAS, L.",638,10:38,3,0,0,0.0,1,3,33.3,0,0,0.0,2,0,2,1,0,3,0,0,3,0,1,0,"Estadio Primero de Marzo, Asunción",125522,Grupo A,1,5
10/12/2025,VISITANTE,COL,ECU,4,SANCHEZ,ALEJANDRO,"SANCHEZ, A.",844,14:4,7,0,3,0.0,2,3,66.7,1,2,50.0,0,0,0,1,0,0,0,0,2,1,3,1,"Estadio Primero de Marzo, Asunción",125522,Grupo A,0,1
10/12/2025,VISITANTE,COL,ECU,5,RESTREPO,LEONARDO,"RESTREPO, L.",1452,24:12,10,0,0,0.0,3,7,42.9,1,2,50.0,9,0,9,4,1,0,1,0,3,1,20,1,"Estadio Primero de Marzo, Asunción",125522,Grupo A,1,29
10/12/2025,VISITANTE,COL,ECU,6,BROWN,SALOMON,"BROWN, S.",437,7:17,0,0,2,0.0,0,0,0.0,0,2,0.0,0,0,0,0,1,1,0,0,2,1,-4,1,"Estadio Primero de Marzo, Asunción",125522,Grupo A,0,1
10/12/2025,VISITANTE,COL,ECU,7,BERNAL,MATTHEW,"BERNAL, M.",1504,25:4,5,2,3,66.7,0,0,0.0,1,2,50.0,1,2,3,3,4,3,0,0,0,1,10,1,"Estadio Primero de Marzo, Asunción",125522,Grupo A,1,21
10/12/2025,VISITANTE,COL,ECU,8,SUAREZ,EZEKIEL,"SUAREZ, E.",1217,20:17,14,1,2,50.0,4,7,57.1,0,1,0.0,4,1,5,1,1,2,0,0,0,1,14,1,"Estadio Primero de Marzo, Asunción",125522,Grupo A,0,14
10/12/2025,VISITANTE,COL,ECU,10,MATEUS,ANDRES,"MATEUS, A.",1236,20:36,14,5,9,55.6,0,1,0.0,4,5,80.0,6,7,13,1,0,1,4,0,0,4,25,1,"Estadio Primero de Marzo, Asunción",125522,Grupo A,1,18
10/12/2025,VISITANTE,COL,ECU,14,CAICEDO,YANSEM,"CAICEDO, Y.",1425,23:45,12,3,6,50.0,2,4,50.0,0,2,0.0,5,0,5,5,2,4,0,0,1,4,13,1,"Estadio Primero de Marzo, Asunción",125522,Grupo A,1,28
10/12/2025,VISITANTE,COL,ECU,24,HERNANDEZ,ANDRES,"HERNANDEZ, A.",872,14:32,4,2,5,40.0,0,3,0.0,0,0,0.0,1,1,2,1,2,2,0,0,2,0,1,1,"Estadio Primero de Marzo, Asunción",125522,Grupo A,0,-1
10/12/2025,VISITANTE,COL,ECU,32,RIOS,SANTIAGO,"RIOS, S.",773,12:53,3,0,0,0.0,1,2,50.0,0,0,0.0,0,0,0,0,0,0,0,0,2,0,2,1,"Estadio Primero de Marzo, Asunción",125522,Grupo A,0,7
10/12/2025,VISITANTE,COL,ECU,59,BETANCURT,JULIAN,"BETANCURT, J.",1486,24:46,8,4,9,44.4,0,2,0.0,0,1,0.0,4,4,8,3,1,1,0,0,1,2,11,1,"Estadio Primero de Marzo, Asunción",125522,Grupo A,1,27
10/12/2025,VISITANTE,COL,ECU,83,OROZCO,ANGEL,"OROZCO, A.",754,12:34,2,1,6,16.7,0,0,0.0,0,2,0.0,1,2,3,0,1,0,0,0,1,1,-1,1,"Estadio Primero de Marzo, Asunción",125522,Grupo A,0,10
11/12/2025,LOCAL,COL,URU,4,SANCHEZ,ALEJANDRO,"SANCHEZ, A.",652,10:52,4,0,1,0.0,1,5,20.0,1,2,50.0,0,0,0,1,1,1,0,0,0,2,-1,0,"Estadio Primero de Marzo, Asunción",125523,Grupo A,0,-5
11/12/2025,LOCAL,COL,URU,5,RESTREPO,LEONARDO,"RESTREPO, L.",1954,32:34,12,1,3,33.3,3,8,37.5,1,2,50.0,2,0,2,0,3,1,2,0,2,1,10,0,"Estadio Primero de Marzo, Asunción",125523,Grupo A,1,-22
11/12/2025,LOCAL,COL,URU,6,BROWN,SALOMON,"BROWN, S.",645,10:45,0,0,1,0.0,0,1,0.0,0,0,0.0,2,1,3,0,0,0,0,0,1,0,1,0,"Estadio Primero de Marzo, Asunción",125523,Grupo A,0,-2
11/12/2025,LOCAL,COL,URU,7,BERNAL,MATTHEW,"BERNAL, M.",2011,33:31,12,5,9,55.6,0,3,0.0,2,4,50.0,1,2,3,4,1,2,0,0,0,3,9,0,"Estadio Primero de Marzo, Asunción",125523,Grupo A,1,-22
11/12/2025,LOCAL,COL,URU,8,SUAREZ,EZEKIEL,"SUAREZ, E.",1196,19:56,8,1,4,25.0,0,3,0.0,6,7,85.7,0,2,2,1,1,0,1,0,1,4,6,0,"Estadio Primero de Marzo, Asunción",125523,Grupo A,0,-11
11/12/2025,LOCAL,COL,URU,10,MATEUS,ANDRES,"MATEUS, A.",937,15:37,5,2,3,66.7,0,0,0.0,1,2,50.0,4,2,6,0,0,0,1,0,0,1,10,0,"Estadio Primero de Marzo, Asunción",125523,Grupo A,1,-17
11/12/2025,LOCAL,COL,URU,14,CAICEDO,YANSEM,"CAICEDO, Y.",1130,18:50,3,0,7,0.0,1,2,50.0,0,2,0.0,0,2,2,3,0,4,0,0,4,1,-6,0,"Estadio Primero de Marzo, Asunción",125523,Grupo A,1,-13
11/12/2025,LOCAL,COL,URU,24,HERNANDEZ,ANDRES,"HERNANDEZ, A.",798,13:18,6,0,3,0.0,2,3,66.7,0,0,0.0,1,0,1,0,0,1,0,0,1,0,2,0,"Estadio Primero de Marzo, Asunción",125523,Grupo A,0,-7
11/12/2025,LOCAL,COL,URU,32,RIOS,SANTIAGO,"RIOS, S.",670,11:10,0,0,0,0.0,0,3,0.0,0,0,0.0,0,0,0,1,0,0,0,0,1,0,-2,0,"Estadio Primero de Marzo, Asunción",125523,Grupo A,0,-2
11/12/2025,LOCAL,COL,URU,59,BETANCURT,JULIAN,"BETANCURT, J.",1360,22:40,9,2,6,33.3,1,2,50.0,2,3,66.7,1,3,4,2,1,3,0,0,2,2,7,0,"Estadio Primero de Marzo, Asunción",125523,Grupo A,1,-11
11/12/2025,LOCAL,COL,URU,83,OROZCO,ANGEL,"OROZCO, A.",647,10:47,2,1,3,33.3,0,0,0.0,0,2,0.0,2,4,6,0,1,3,1,0,2,1,3,0,"Estadio Primero de Marzo, Asunción",125523,Grupo A,0,2
11/12/2025,VISITANTE,URU,COL,0,ABAL,TOMAS,"ABAL, T.",762,12:42,7,2,2,100.0,1,4,25.0,0,0,0.0,5,2,7,0,0,2,0,0,2,1,9,1,"Estadio Primero de Marzo, Asunción",125523,Grupo A,0,3
11/12/2025,VISITANTE,URU,COL,4,PASTRANA,MANUEL,"PASTRANA, M.",1435,23:55,10,1,5,20.0,2,10,20.0,2,2,100.0,7,0,7,2,1,1,3,0,1,2,10,1,"Estadio Primero de Marzo, Asunción",125523,Grupo A,0,22
11/12/2025,VISITANTE,URU,COL,5,IZUIBEJERES,FACUNDO,"IZUIBEJERES, F.",833,13:53,3,0,1,0.0,1,3,33.3,0,0,0.0,2,0,2,4,0,2,0,0,0,1,4,1,"Estadio Primero de Marzo, Asunción",125523,Grupo A,1,9
11/12/2025,VISITANTE,URU,COL,8,CRUZ,FEDERICO,"CRUZ, F.",1082,18:2,14,6,7,85.7,0,0,0.0,2,2,100.0,3,1,4,2,3,5,0,0,3,2,17,1,"Estadio Primero de Marzo, Asunción",125523,Grupo A,0,9
11/12/2025,VISITANTE,URU,COL,10,GOMEZ,LAUTARO,"GOMEZ, L.",1445,24:5,11,4,6,66.7,1,1,100.0,0,0,0.0,3,2,5,1,0,3,2,0,2,1,14,1,"Estadio Primero de Marzo, Asunción",125523,Grupo A,1,16
11/12/2025,VISITANTE,URU,COL,11,TESTA,NICOLAS,"TESTA, N.",1755,29:15,22,5,5,100.0,3,7,42.9,3,4,75.0,4,2,6,2,1,2,0,0,2,2,24,1,"Estadio Primero de Marzo, Asunción",125523,Grupo A,1,20
11/12/2025,VISITANTE,URU,COL,13,RAMÍREZ,VALENTINO,"RAMÍREZ, V.",563,9:23,6,2,2,100.0,0,1,0.0,2,2,100.0,0,3,3,1,0,2,1,0,0,1,8,1,"Estadio Primero de Marzo, Asunción",125523,Grupo A,0,8
11/12/2025,VISITANTE,URU,COL,15,VENET,GABRIEL,"VENET, G.",510,8:30,2,1,2,50.0,0,0,0.0,0,0,0.0,1,0,1,0,0,3,1,0,0,0,0,1,"Estadio Primero de Marzo, Asunción",125523,Grupo A,0,2
11/12/2025,VISITANTE,URU,COL,19,FATA,GABRIEL,"FATA, G.",1387,23:7,5,2,3,66.7,0,5,0.0,1,2,50.0,8,1,9,2,2,1,0,0,3,2,10,1,"Estadio Primero de Marzo, Asunción",125523,Grupo A,1,6
11/12/2025,VISITANTE,URU,COL,21,MICHAELSSON,THIAGO,"MICHAELSSON, T.",837,13:57,0,0,0,0.0,0,0,0.0,0,0,0.0,0,1,1,3,1,0,0,0,0,1,5,1,"Estadio Primero de Marzo, Asunción",125523,Grupo A,0,12
11/12/2025,VISITANTE,URU,COL,22,OROZCO,LUCAS,"OROZCO, L.",1163,19:23,3,0,1,0.0,1,2,50.0,0,0,0.0,0,0,0,5,1,2,0,0,0,1,5,1,"Estadio Primero de Marzo, Asunción",125523,Grupo A,1,8
11/12/2025,VISITANTE,URU,COL,29,GUZZETTI,JUAN,"GUZZETTI, J.",229,3:49,0,0,1,0.0,0,0,0.0,0,0,0.0,0,1,1,0,1,0,0,0,2,0,1,1,"Estadio Primero de Marzo, Asunción",125523,Grupo A,0,-5
11/12/2025,LOCAL,ARG,ECU,2,PETTOVELLO,BENJAMIN,"PETTOVELLO, B.",926,15:26,8,2,2,100.0,1,1,100.0,1,1,100.0,3,1,4,1,1,2,1,0,0,2,13,1,"Estadio Primero de Marzo, Asunción",125524,Grupo A,1,28
11/12/2025,LOCAL,ARG,ECU,4,HERNANDEZ,MANUEL,"HERNANDEZ, M.",1049,17:29,14,1,3,33.3,4,9,44.4,0,2,0.0,4,1,5,2,3,0,0,0,1,1,15,1,"Estadio Primero de Marzo, Asunción",125524,Grupo A,1,36
11/12/2025,LOCAL,ARG,ECU,5,CORNALIS,FACUNDO,"CORNALIS, F.",1016,16:56,2,1,1,100.0,0,4,0.0,0,0,0.0,1,0,1,0,1,0,1,0,0,0,1,1,"Estadio Primero de Marzo, Asunción",125524,Grupo A,1,33
11/12/2025,LOCAL,ARG,ECU,6,GOBETTI,BAUTISTA,"GOBETTI, B.",1293,21:33,9,1,5,20.0,1,4,25.0,4,6,66.7,4,0,4,1,1,0,0,0,0,3,6,1,"Estadio Primero de Marzo, Asunción",125524,Grupo A,0,46
11/12/2025,LOCAL,ARG,ECU,7,TORRENS,ELIAS,"TORRENS, E.",640,10:40,19,8,9,88.9,0,0,0.0,3,3,100.0,2,3,5,1,1,0,1,0,0,3,26,1,"Estadio Primero de Marzo, Asunción",125524,Grupo A,0,23
11/12/2025,LOCAL,ARG,ECU,8,AMAN,GONZALO,"AMAN, G.",780,13:0,6,2,5,40.0,0,2,0.0,2,3,66.7,2,1,3,3,1,0,0,0,1,1,7,1,"Estadio Primero de Marzo, Asunción",125524,Grupo A,1,20
11/12/2025,LOCAL,ARG,ECU,9,CELIZ,JOAQUIN,"CELIZ, J.",960,16:0,16,5,8,62.5,2,3,66.7,0,0,0.0,3,0,3,6,2,1,0,0,0,1,22,1,"Estadio Primero de Marzo, Asunción",125524,Grupo A,0,34
11/12/2025,LOCAL,ARG,ECU,10,CAUMO,JOAQUIN,"CAUMO, J.",849,14:9,18,3,3,100.0,4,4,100.0,0,0,0.0,0,0,0,3,2,1,0,0,2,0,22,1,"Estadio Primero de Marzo, Asunción",125524,Grupo A,0,29
11/12/2025,LOCAL,ARG,ECU,11,MORAVANSKY,ROMAN,"MORAVANSKY, R.",1014,16:54,5,1,3,33.3,1,2,50.0,0,0,0.0,1,1,2,8,3,0,0,0,0,0,15,1,"Estadio Primero de Marzo, Asunción",125524,Grupo A,0,39
11/12/2025,LOCAL,ARG,ECU,12,FESSIA,MATEO,"FESSIA, M.",1305,21:45,7,0,1,0.0,2,3,66.7,1,2,50.0,7,0,7,1,1,3,1,0,2,1,11,1,"Estadio Primero de Marzo, Asunción",125524,Grupo A,0,52
11/12/2025,LOCAL,ARG,ECU,14,PETTINAROLI,SANTIAGO,"PETTINAROLI, S.",964,16:4,15,2,6,33.3,3,6,50.0,2,2,100.0,1,2,3,2,1,0,0,0,1,1,14,1,"Estadio Primero de Marzo, Asunción",125524,Grupo A,1,32
11/12/2025,LOCAL,ARG,ECU,15,MARQUEZ,JUAN,"MARQUEZ, J.",1204,20:4,7,3,5,60.0,0,0,0.0,1,2,50.0,7,3,10,3,2,0,1,0,1,1,20,1,"Estadio Primero de Marzo, Asunción",125524,Grupo A,0,43
11/12/2025,VISITANTE,ECU,ARG,1,CEVALLOS,MICHAEL,"CEVALLOS, M.",1051,17:31,3,0,1,0.0,1,2,50.0,0,0,0.0,3,0,3,1,0,2,0,0,2,0,3,0,"Estadio Primero de Marzo, Asunción",125524,Grupo A,1,-35
11/12/2025,VISITANTE,ECU,ARG,2,CASTILLO,JUAN,"CASTILLO, J.",1588,26:28,18,3,5,60.0,4,9,44.4,0,0,0.0,5,0,5,4,0,8,0,0,0,4,12,0,"Estadio Primero de Marzo, Asunción",125524,Grupo A,1,-46
11/12/2025,VISITANTE,ECU,ARG,7,DAZA,JOSÉ,"DAZA, J.",1069,17:49,2,1,5,20.0,0,0,0.0,0,0,0.0,4,0,4,0,1,1,0,0,1,1,2,0,"Estadio Primero de Marzo, Asunción",125524,Grupo A,1,-23
11/12/2025,VISITANTE,ECU,ARG,10,ZAMBRANO,ALHAN,"ZAMBRANO, A.",820,13:40,3,0,1,0.0,0,2,0.0,3,3,100.0,1,0,1,0,0,2,0,0,0,1,-1,0,"Estadio Primero de Marzo, Asunción",125524,Grupo A,0,-36
11/12/2025,VISITANTE,ECU,ARG,12,MANJARRES,RODRIGO,"MANJARRES, R.",743,12:23,0,0,1,0.0,0,0,0.0,0,0,0.0,0,0,0,1,0,0,1,0,0,0,1,0,"Estadio Primero de Marzo, Asunción",125524,Grupo A,0,-27
11/12/2025,VISITANTE,ECU,ARG,13,MINA,JAHIR,"MINA, J.",718,11:58,1,0,1,0.0,0,3,0.0,1,2,50.0,0,0,0,2,0,1,0,0,1,1,-3,0,"Estadio Primero de Marzo, Asunción",125524,Grupo A,0,-26
11/12/2025,VISITANTE,ECU,ARG,14,NOBOA,FELIPE,"NOBOA, F.",1388,23:8,8,1,4,25.0,2,4,50.0,0,0,0.0,0,1,1,0,3,4,0,0,0,0,3,0,"Estadio Primero de Marzo, Asunción",125524,Grupo A,1,-47
11/12/2025,VISITANTE,ECU,ARG,15,IBARRA,ISMAEL,"IBARRA, I.",1006,16:46,0,0,1,0.0,0,0,0.0,0,0,0.0,3,0,3,0,0,1,2,0,4,0,3,0,"Estadio Primero de Marzo, Asunción",125524,Grupo A,0,-52
11/12/2025,VISITANTE,ECU,ARG,23,QUIÑONEZ,ADAIR,"QUIÑONEZ, A.",1176,19:36,4,0,2,0.0,1,2,50.0,1,2,50.0,4,0,4,1,0,4,1,0,3,1,2,0,"Estadio Primero de Marzo, Asunción",125524,Grupo A,1,-29
11/12/2025,VISITANTE,ECU,ARG,32,COROZO,JEREMY,"COROZO, J.",1173,19:33,2,1,1,100.0,0,2,0.0,0,0,0.0,4,0,4,0,0,2,0,0,0,0,2,0,"Estadio Primero de Marzo, Asunción",125524,Grupo A,0,-49
11/12/2025,VISITANTE,ECU,ARG,33,REYES,DEIVIS,"REYES, D.",654,10:54,0,0,3,0.0,0,3,0.0,0,0,0.0,0,0,0,1,1,2,0,0,1,0,-6,0,"Estadio Primero de Marzo, Asunción",125524,Grupo A,0,-21
11/12/2025,VISITANTE,ECU,ARG,48,VARGAS,LHEYDER,"VARGAS, L.",614,10:14,2,1,1,100.0,0,3,0.0,0,0,0.0,0,0,0,0,0,2,0,0,2,0,-3,0,"Estadio Primero de Marzo, Asunción",125524,Grupo A,0,-24
12/12/2025,LOCAL,URU,ECU,0,ABAL,TOMAS,"ABAL, T.",1260,21:0,17,1,1,100.0,4,7,57.1,3,3,100.0,1,0,1,3,1,1,0,0,3,2,18,1,"Estadio Primero de Marzo, Asunción",125525,Grupo A,0,9
12/12/2025,LOCAL,URU,ECU,4,PASTRANA,MANUEL,"PASTRANA, M.",777,12:57,17,2,4,50.0,4,5,80.0,1,2,50.0,2,0,2,0,4,1,0,0,0,1,18,1,"Estadio Primero de Marzo, Asunción",125525,Grupo A,0,11
12/12/2025,LOCAL,URU,ECU,5,IZUIBEJERES,FACUNDO,"IZUIBEJERES, F.",435,7:15,0,0,1,0.0,0,0,0.0,0,0,0.0,1,0,1,1,0,0,0,0,0,1,1,1,"Estadio Primero de Marzo, Asunción",125525,Grupo A,1,3
12/12/2025,LOCAL,URU,ECU,8,CRUZ,FEDERICO,"CRUZ, F.",1000,16:40,9,3,7,42.9,1,1,100.0,0,0,0.0,5,0,5,2,1,1,0,0,0,1,12,1,"Estadio Primero de Marzo, Asunción",125525,Grupo A,0,14
12/12/2025,LOCAL,URU,ECU,10,GOMEZ,LAUTARO,"GOMEZ, L.",1075,17:55,7,2,4,50.0,0,1,0.0,3,3,100.0,3,2,5,0,1,0,0,0,1,3,10,1,"Estadio Primero de Marzo, Asunción",125525,Grupo A,1,1
12/12/2025,LOCAL,URU,ECU,11,TESTA,NICOLAS,"TESTA, N.",804,13:24,10,2,3,66.7,2,3,66.7,0,0,0.0,0,0,0,0,2,3,1,0,1,0,8,1,"Estadio Primero de Marzo, Asunción",125525,Grupo A,1,12
12/12/2025,LOCAL,URU,ECU,13,RAMÍREZ,VALENTINO,"RAMÍREZ, V.",1066,17:46,2,1,2,50.0,0,2,0.0,0,0,0.0,2,1,3,1,1,2,0,0,1,0,2,1,"Estadio Primero de Marzo, Asunción",125525,Grupo A,0,19
12/12/2025,LOCAL,URU,ECU,15,VENET,GABRIEL,"VENET, G.",910,15:10,7,3,4,75.0,0,2,0.0,1,2,50.0,2,0,2,2,0,3,0,0,1,5,4,1,"Estadio Primero de Marzo, Asunción",125525,Grupo A,0,2
12/12/2025,LOCAL,URU,ECU,19,FATA,GABRIEL,"FATA, G.",1253,20:53,5,2,3,66.7,0,6,0.0,1,2,50.0,2,0,2,5,1,1,0,0,1,1,4,1,"Estadio Primero de Marzo, Asunción",125525,Grupo A,1,15
12/12/2025,LOCAL,URU,ECU,21,MICHAELSSON,THIAGO,"MICHAELSSON, T.",1354,22:34,1,0,6,0.0,0,1,0.0,1,2,50.0,0,2,2,3,1,0,0,0,1,2,-1,1,"Estadio Primero de Marzo, Asunción",125525,Grupo A,0,12
12/12/2025,LOCAL,URU,ECU,22,OROZCO,LUCAS,"OROZCO, L.",1350,22:30,2,1,3,33.3,0,2,0.0,0,0,0.0,3,1,4,3,2,2,0,0,1,0,5,1,"Estadio Primero de Marzo, Asunción",125525,Grupo A,1,20
12/12/2025,LOCAL,URU,ECU,29,GUZZETTI,JUAN,"GUZZETTI, J.",716,11:56,4,2,3,66.7,0,0,0.0,0,0,0.0,3,2,5,1,0,3,0,0,2,0,6,1,"Estadio Primero de Marzo, Asunción",125525,Grupo A,0,-3
12/12/2025,VISITANTE,ECU,URU,1,CEVALLOS,MICHAEL,"CEVALLOS, M.",961,16:1,6,1,2,50.0,1,3,33.3,1,2,50.0,3,2,5,1,2,5,0,0,2,1,5,0,"Estadio Primero de Marzo, Asunción",125525,Grupo A,1,-13
12/12/2025,VISITANTE,ECU,URU,2,CASTILLO,JUAN,"CASTILLO, J.",1682,28:2,11,2,3,66.7,2,11,18.2,1,2,50.0,4,0,4,3,1,3,0,0,0,3,5,0,"Estadio Primero de Marzo, Asunción",125525,Grupo A,1,-5
12/12/2025,VISITANTE,ECU,URU,7,DAZA,JOSÉ,"DAZA, J.",645,10:45,2,1,2,50.0,0,0,0.0,0,0,0.0,1,2,3,0,0,0,0,0,2,1,4,0,"Estadio Primero de Marzo, Asunción",125525,Grupo A,0,-23
12/12/2025,VISITANTE,ECU,URU,10,ZAMBRANO,ALHAN,"ZAMBRANO, A.",729,12:9,0,0,0,0.0,0,2,0.0,0,0,0.0,1,0,1,1,0,3,0,0,0,0,-3,0,"Estadio Primero de Marzo, Asunción",125525,Grupo A,0,-18
12/12/2025,VISITANTE,ECU,URU,12,MANJARRES,RODRIGO,"MANJARRES, R.",598,9:58,3,0,0,0.0,0,0,0.0,3,4,75.0,1,1,2,0,1,0,0,0,1,2,5,0,"Estadio Primero de Marzo, Asunción",125525,Grupo A,0,8
12/12/2025,VISITANTE,ECU,URU,13,MINA,JAHIR,"MINA, J.",481,8:1,5,1,3,33.3,1,4,25.0,0,0,0.0,2,0,2,0,0,0,0,0,1,0,2,0,"Estadio Primero de Marzo, Asunción",125525,Grupo A,0,-6
12/12/2025,VISITANTE,ECU,URU,14,NOBOA,FELIPE,"NOBOA, F.",1807,30:7,7,2,6,33.3,1,5,20.0,0,0,0.0,3,2,5,0,2,3,0,0,1,0,3,0,"Estadio Primero de Marzo, Asunción",125525,Grupo A,1,-22
12/12/2025,VISITANTE,ECU,URU,15,IBARRA,ISMAEL,"IBARRA, I.",449,7:29,2,1,2,50.0,0,0,0.0,0,0,0.0,0,0,0,0,1,2,1,0,2,0,1,0,"Estadio Primero de Marzo, Asunción",125525,Grupo A,0,-1
12/12/2025,VISITANTE,ECU,URU,23,QUIÑONEZ,ADAIR,"QUIÑONEZ, A.",1746,29:6,12,4,8,50.0,0,2,0.0,4,6,66.7,2,4,6,0,1,2,3,0,3,4,12,0,"Estadio Primero de Marzo, Asunción",125525,Grupo A,1,-22
12/12/2025,VISITANTE,ECU,URU,32,COROZO,JEREMY,"COROZO, J.",1597,26:37,4,2,4,50.0,0,0,0.0,0,0,0.0,7,1,8,1,1,2,1,0,1,1,11,0,"Estadio Primero de Marzo, Asunción",125525,Grupo A,1,3
12/12/2025,VISITANTE,ECU,URU,33,REYES,DEIVIS,"REYES, D.",165,2:45,0,0,0,0.0,0,1,0.0,0,0,0.0,0,0,0,0,0,0,0,0,0,0,-1,0,"Estadio Primero de Marzo, Asunción",125525,Grupo A,0,-10
12/12/2025,VISITANTE,ECU,URU,48,VARGAS,LHEYDER,"VARGAS, L.",1141,19:1,6,3,5,60.0,0,0,0.0,0,0,0.0,4,0,4,2,3,4,0,0,3,0,9,0,"Estadio Primero de Marzo, Asunción",125525,Grupo A,0,-6
12/12/2025,LOCAL,COL,ARG,4,SANCHEZ,ALEJANDRO,"SANCHEZ, A.",136,2:16,0,0,0,0.0,0,1,0.0,0,0,0.0,0,0,0,0,0,0,0,0,0,0,-1,0,"Estadio Primero de Marzo, Asunción",125526,Grupo A,0,0
12/12/2025,LOCAL,COL,ARG,5,RESTREPO,LEONARDO,"RESTREPO, L.",2126,35:26,9,0,1,0.0,3,10,30.0,0,0,0.0,5,2,7,1,2,2,0,0,3,0,9,0,"Estadio Primero de Marzo, Asunción",125526,Grupo A,1,-10
12/12/2025,LOCAL,COL,ARG,6,BROWN,SALOMON,"BROWN, S.",881,14:41,2,1,2,50.0,0,0,0.0,0,0,0.0,3,0,3,0,0,0,0,0,0,0,4,0,"Estadio Primero de Marzo, Asunción",125526,Grupo A,0,-11
12/12/2025,LOCAL,COL,ARG,7,BERNAL,MATTHEW,"BERNAL, M.",2264,37:44,21,8,13,61.5,0,1,0.0,5,8,62.5,2,0,2,4,3,1,0,0,3,6,20,0,"Estadio Primero de Marzo, Asunción",125526,Grupo A,1,-9
12/12/2025,LOCAL,COL,ARG,8,SUAREZ,EZEKIEL,"SUAREZ, E.",1733,28:53,12,0,3,0.0,2,6,33.3,6,7,85.7,6,1,7,1,0,4,2,0,3,6,10,0,"Estadio Primero de Marzo, Asunción",125526,Grupo A,0,1
12/12/2025,LOCAL,COL,ARG,10,MATEUS,ANDRES,"MATEUS, A.",1464,24:24,5,2,4,50.0,0,0,0.0,1,3,33.3,3,2,5,1,1,2,0,0,3,2,6,0,"Estadio Primero de Marzo, Asunción",125526,Grupo A,1,3
12/12/2025,LOCAL,COL,ARG,14,CAICEDO,YANSEM,"CAICEDO, Y.",719,11:59,2,1,4,25.0,0,0,0.0,0,0,0.0,2,1,3,2,1,1,0,0,1,0,4,0,"Estadio Primero de Marzo, Asunción",125526,Grupo A,1,-5
12/12/2025,LOCAL,COL,ARG,24,HERNANDEZ,ANDRES,"HERNANDEZ, A.",1111,18:31,11,2,5,40.0,2,4,50.0,1,2,50.0,2,0,2,1,1,1,0,0,4,2,8,0,"Estadio Primero de Marzo, Asunción",125526,Grupo A,0,-4
12/12/2025,LOCAL,COL,ARG,32,RIOS,SANTIAGO,"RIOS, S.",414,6:54,3,0,2,0.0,1,3,33.3,0,0,0.0,0,0,0,0,0,1,0,0,2,1,-2,0,"Estadio Primero de Marzo, Asunción",125526,Grupo A,0,-2
12/12/2025,LOCAL,COL,ARG,59,BETANCURT,JULIAN,"BETANCURT, J.",945,15:45,4,1,4,25.0,0,1,0.0,2,2,100.0,0,1,1,1,0,0,0,0,5,1,2,0,"Estadio Primero de Marzo, Asunción",125526,Grupo A,1,-3
12/12/2025,LOCAL,COL,ARG,83,OROZCO,ANGEL,"OROZCO, A.",207,3:27,0,0,1,0.0,0,0,0.0,0,0,0.0,1,1,2,0,0,1,0,0,3,0,0,0,"Estadio Primero de Marzo, Asunción",125526,Grupo A,0,-5
12/12/2025,VISITANTE,ARG,COL,2,PETTOVELLO,BENJAMIN,"PETTOVELLO, B.",1166,19:26,5,2,5,40.0,0,1,0.0,1,2,50.0,4,4,8,2,1,4,0,0,5,3,7,1,"Estadio Primero de Marzo, Asunción",125526,Grupo A,1,5
12/12/2025,VISITANTE,ARG,COL,4,HERNANDEZ,MANUEL,"HERNANDEZ, M.",1657,27:37,6,1,6,16.7,1,6,16.7,1,2,50.0,2,4,6,1,2,0,0,0,2,3,4,1,"Estadio Primero de Marzo, Asunción",125526,Grupo A,1,-1
12/12/2025,VISITANTE,ARG,COL,5,CORNALIS,FACUNDO,"CORNALIS, F.",298,4:58,0,0,1,0.0,0,1,0.0,0,0,0.0,0,0,0,0,0,0,0,0,0,0,-2,1,"Estadio Primero de Marzo, Asunción",125526,Grupo A,0,-3
12/12/2025,VISITANTE,ARG,COL,6,GOBETTI,BAUTISTA,"GOBETTI, B.",1187,19:47,2,1,2,50.0,0,2,0.0,0,0,0.0,3,0,3,1,0,0,0,0,1,1,3,1,"Estadio Primero de Marzo, Asunción",125526,Grupo A,1,11
12/12/2025,VISITANTE,ARG,COL,7,TORRENS,ELIAS,"TORRENS, E.",964,16:4,5,2,4,50.0,0,0,0.0,1,2,50.0,4,3,7,0,0,3,1,0,1,2,7,1,"Estadio Primero de Marzo, Asunción",125526,Grupo A,0,2
12/12/2025,VISITANTE,ARG,COL,8,AMAN,GONZALO,"AMAN, G.",876,14:36,6,3,4,75.0,0,2,0.0,0,3,0.0,3,0,3,2,1,3,0,0,3,2,3,1,"Estadio Primero de Marzo, Asunción",125526,Grupo A,1,0
12/12/2025,VISITANTE,ARG,COL,9,CELIZ,JOAQUIN,"CELIZ, J.",731,12:11,2,0,3,0.0,0,1,0.0,2,2,100.0,1,1,2,3,0,0,0,0,1,2,3,1,"Estadio Primero de Marzo, Asunción",125526,Grupo A,0,3
12/12/2025,VISITANTE,ARG,COL,10,CAUMO,JOAQUIN,"CAUMO, J.",1073,17:53,24,2,3,66.7,2,5,40.0,14,16,87.5,2,2,4,1,2,1,0,0,1,7,24,1,"Estadio Primero de Marzo, Asunción",125526,Grupo A,0,6
12/12/2025,VISITANTE,ARG,COL,11,MORAVANSKY,ROMAN,"MORAVANSKY, R.",1235,20:35,0,0,0,0.0,0,3,0.0,0,0,0.0,3,0,3,1,0,2,0,0,0,0,-1,1,"Estadio Primero de Marzo, Asunción",125526,Grupo A,0,3
12/12/2025,VISITANTE,ARG,COL,12,FESSIA,MATEO,"FESSIA, M.",957,15:57,7,2,3,66.7,0,0,0.0,3,4,75.0,5,2,7,4,1,1,0,0,3,3,16,1,"Estadio Primero de Marzo, Asunción",125526,Grupo A,0,7
12/12/2025,VISITANTE,ARG,COL,14,PETTINAROLI,SANTIAGO,"PETTINAROLI, S.",1587,26:27,21,3,4,75.0,4,9,44.4,3,4,75.0,4,3,7,2,0,3,2,0,1,4,22,1,"Estadio Primero de Marzo, Asunción",125526,Grupo A,1,10
12/12/2025,VISITANTE,ARG,COL,15,MARQUEZ,JUAN,"MARQUEZ, J.",270,4:30,0,0,0,0.0,0,0,0.0,0,0,0.0,1,0,1,0,0,1,0,0,0,0,0,1,"Estadio Primero de Marzo, Asunción",125526,Grupo A,0,2
10/12/2025,LOCAL,PAR,VEN,81,CUELLAR,EZEQUIEL,"CUELLAR, E.",767,12:47,5,1,1,100.0,1,2,50.0,0,0,0.0,1,1,2,2,0,1,0,0,1,0,7,1,"Estadio Primero de Marzo, Asunción",125527,Grupo B,0,3
10/12/2025,LOCAL,PAR,VEN,55,MOLINAS,JOSE,"MOLINAS, J.",178,2:58,0,0,0,0.0,0,0,0.0,0,0,0.0,0,0,0,0,0,0,0,0,0,0,0,1,"Estadio Primero de Marzo, Asunción",125527,Grupo B,0,0
10/12/2025,LOCAL,PAR,VEN,34,GIMENEZ,MAXIMILIANO,"GIMENEZ, M.",1238,20:38,0,0,1,0.0,0,4,0.0,0,0,0.0,8,0,8,2,2,2,1,0,1,0,6,1,"Estadio Primero de Marzo, Asunción",125527,Grupo B,0,8
10/12/2025,LOCAL,PAR,VEN,21,GONZALEZ,NESTOR,"GONZALEZ, N.",1975,32:55,15,7,13,53.8,0,0,0.0,1,1,100.0,8,3,11,1,2,3,2,0,3,4,22,1,"Estadio Primero de Marzo, Asunción",125527,Grupo B,1,13
10/12/2025,LOCAL,PAR,VEN,15,HACHEN,RICHARD,"HACHEN, R.",108,1:48,0,0,0,0.0,0,0,0.0,0,0,0.0,0,0,0,0,0,0,0,0,1,0,0,1,"Estadio Primero de Marzo, Asunción",125527,Grupo B,0,-5
10/12/2025,LOCAL,PAR,VEN,14,ESCURRA,MAURICIO,"ESCURRA, M.",2251,37:31,14,4,11,36.4,2,5,40.0,0,2,0.0,8,2,10,4,0,5,0,0,3,3,11,1,"Estadio Primero de Marzo, Asunción",125527,Grupo B,1,11
10/12/2025,LOCAL,PAR,VEN,10,DOMINGUEZ,EVERT,"DOMINGUEZ, E.",58,0:58,0,0,0,0.0,0,0,0.0,0,0,0.0,0,0,0,0,0,0,0,0,1,0,0,1,"Estadio Primero de Marzo, Asunción",125527,Grupo B,0,-2
10/12/2025,LOCAL,PAR,VEN,9,VAZQUEZ,JUAN,"VAZQUEZ, J.",230,3:50,0,0,0,0.0,0,0,0.0,0,0,0.0,1,0,1,0,0,2,0,0,0,1,-1,1,"Estadio Primero de Marzo, Asunción",125527,Grupo B,0,-3
10/12/2025,LOCAL,PAR,VEN,7,IRALA,MATEO,"IRALA, M.",0,0:0,0,0,0,0.0,0,0,0.0,0,0,0.0,0,0,0,0,0,0,0,0,0,0,0,1,"Estadio Primero de Marzo, Asunción",125527,Grupo B,0,0
10/12/2025,LOCAL,PAR,VEN,6,TALAVERA,ALEJANDRO,"TALAVERA, A.",2112,35:12,13,0,2,0.0,4,10,40.0,1,2,50.0,5,0,5,4,1,3,0,0,4,4,11,1,"Estadio Primero de Marzo, Asunción",125527,Grupo B,1,14
10/12/2025,LOCAL,PAR,VEN,5,VERA,LUIS,"VERA, L.",1618,26:58,14,5,10,50.0,1,6,16.7,1,3,33.3,2,3,5,2,1,1,0,0,4,3,9,1,"Estadio Primero de Marzo, Asunción",125527,Grupo B,1,-3
10/12/2025,LOCAL,PAR,VEN,3,RADICE,ROBERTO,"RADICE, R.",1465,24:25,6,1,3,33.3,1,5,20.0,1,2,50.0,0,4,4,2,3,1,0,0,0,5,7,1,"Estadio Primero de Marzo, Asunción",125527,Grupo B,1,9
10/12/2025,VISITANTE,VEN,PAR,3,VASQUEZ,JULIO,"VASQUEZ, J.",744,12:24,4,1,5,20.0,0,1,0.0,2,4,50.0,5,3,8,0,1,4,1,0,1,4,3,0,"Estadio Primero de Marzo, Asunción",125527,Grupo B,0,-1
10/12/2025,VISITANTE,VEN,PAR,2,TORRES,DEIKER,"TORRES, D.",984,16:24,5,1,5,20.0,1,4,25.0,0,2,0.0,0,2,2,3,1,3,0,0,2,3,-1,0,"Estadio Primero de Marzo, Asunción",125527,Grupo B,0,6
10/12/2025,VISITANTE,VEN,PAR,4,SEGOVIA,RICHARD,"SEGOVIA, R.",1112,18:32,11,3,4,75.0,1,3,33.3,2,3,66.7,1,0,1,2,3,0,0,0,0,1,13,0,"Estadio Primero de Marzo, Asunción",125527,Grupo B,1,-14
10/12/2025,VISITANTE,VEN,PAR,7,LARA,JOSE,"LARA, J.",884,14:44,0,0,4,0.0,0,3,0.0,0,0,0.0,3,1,4,0,0,1,0,0,2,1,-4,0,"Estadio Primero de Marzo, Asunción",125527,Grupo B,1,-9
10/12/2025,VISITANTE,VEN,PAR,9,PERDOMO,JUAN,"PERDOMO, J.",1711,28:31,9,3,8,37.5,1,5,20.0,0,0,0.0,2,1,3,0,2,3,0,0,1,0,2,0,"Estadio Primero de Marzo, Asunción",125527,Grupo B,1,-14
10/12/2025,VISITANTE,VEN,PAR,12,MIQUILARENO,GABRIEL,"MIQUILARENO, G.",183,3:3,0,0,0,0.0,0,0,0.0,0,0,0.0,0,0,0,0,0,0,0,0,2,0,0,0,"Estadio Primero de Marzo, Asunción",125527,Grupo B,0,4
10/12/2025,VISITANTE,VEN,PAR,14,GUTIERREZ,KEVIN,"GUTIERREZ, K.",1723,28:43,11,3,10,30.0,1,4,25.0,2,6,33.3,5,3,8,3,3,1,0,0,3,3,10,0,"Estadio Primero de Marzo, Asunción",125527,Grupo B,0,-5
10/12/2025,VISITANTE,VEN,PAR,18,ANILLO,WILLIAMS,"ANILLO, W.",1203,20:3,8,2,4,50.0,1,3,33.3,1,1,100.0,3,1,4,1,1,4,0,0,3,2,6,0,"Estadio Primero de Marzo, Asunción",125527,Grupo B,0,6
10/12/2025,VISITANTE,VEN,PAR,20,MONTERO,ISAAC,"MONTERO, I.",1331,22:11,4,1,2,50.0,0,0,0.0,2,2,100.0,6,2,8,1,1,0,1,0,2,1,14,0,"Estadio Primero de Marzo, Asunción",125527,Grupo B,0,4
10/12/2025,VISITANTE,VEN,PAR,23,NIÑO,SAMUEL,"NIÑO, S.",1184,19:44,4,2,4,50.0,0,1,0.0,0,0,0.0,2,3,5,0,1,2,0,0,2,1,5,0,"Estadio Primero de Marzo, Asunción",125527,Grupo B,1,-18
10/12/2025,VISITANTE,VEN,PAR,26,SOTO,DIEGO,"SOTO, D.",562,9:22,2,1,2,50.0,0,0,0.0,0,1,0.0,2,0,2,2,0,2,0,0,2,2,2,0,"Estadio Primero de Marzo, Asunción",125527,Grupo B,0,-1
10/12/2025,VISITANTE,VEN,PAR,51,CARRIZO,JOSE,"CARRIZO, J.",379,6:19,0,0,1,0.0,0,0,0.0,0,0,0.0,1,0,1,0,0,0,0,0,0,0,0,0,"Estadio Primero de Marzo, Asunción",125527,Grupo B,1,-3
10/12/2025,LOCAL,BRA,CHI,50,SANTOS,EDUARDO,"SANTOS, E.",1024,17:4,16,5,6,83.3,1,3,33.3,3,8,37.5,0,1,1,2,2,0,0,0,3,5,13,1,"Estadio Primero de Marzo, Asunción",125528,Grupo B,1,20
10/12/2025,LOCAL,BRA,CHI,45,SANTOS,ISAIAH,"SANTOS, I.",1239,20:39,19,5,9,55.6,2,6,33.3,3,6,50.0,4,7,11,2,1,0,1,0,0,3,23,1,"Estadio Primero de Marzo, Asunción",125528,Grupo B,0,15
10/12/2025,LOCAL,BRA,CHI,33,FERREIRA,CRISTIAN,"FERREIRA, C.",1471,24:31,4,2,5,40.0,0,0,0.0,0,0,0.0,0,8,8,2,1,2,3,0,1,0,13,1,"Estadio Primero de Marzo, Asunción",125528,Grupo B,1,8
10/12/2025,LOCAL,BRA,CHI,25,SOUZA,PEDRO,"SOUZA, P.",1255,20:55,14,3,7,42.9,2,5,40.0,2,3,66.7,4,0,4,5,2,1,0,0,0,3,16,1,"Estadio Primero de Marzo, Asunción",125528,Grupo B,1,19
10/12/2025,LOCAL,BRA,CHI,14,NEVES,JOAO,"NEVES, J.",1488,24:48,9,3,4,75.0,1,9,11.1,0,0,0.0,8,1,9,3,0,0,2,0,1,0,14,1,"Estadio Primero de Marzo, Asunción",125528,Grupo B,1,13
10/12/2025,LOCAL,BRA,CHI,11,BANDIERA,JOÃO,"BANDIERA, J.",676,11:16,6,0,1,0.0,2,4,50.0,0,0,0.0,2,0,2,2,0,2,0,0,0,0,5,1,"Estadio Primero de Marzo, Asunción",125528,Grupo B,0,13
10/12/2025,LOCAL,BRA,CHI,10,MELO,PIETRO,"MELO, P.",1521,25:21,17,0,1,0.0,5,9,55.6,2,3,66.7,1,0,1,3,1,2,0,0,1,1,14,1,"Estadio Primero de Marzo, Asunción",125528,Grupo B,1,16
10/12/2025,LOCAL,BRA,CHI,8,FERNANDES,JOAO GABRIEL,"FERNANDES, J.",814,13:34,3,0,1,0.0,1,5,20.0,0,0,0.0,3,1,4,0,0,0,2,0,2,0,4,1,"Estadio Primero de Marzo, Asunción",125528,Grupo B,0,6
10/12/2025,LOCAL,BRA,CHI,6,ALVES,PEDRO,"ALVES, P.",506,8:26,4,2,2,100.0,0,0,0.0,0,0,0.0,2,2,4,1,1,1,1,0,3,0,10,1,"Estadio Primero de Marzo, Asunción",125528,Grupo B,0,10
10/12/2025,LOCAL,BRA,CHI,3,NASCIMENTO,MATHEUS,"NASCIMENTO, M.",1185,19:45,5,1,2,50.0,1,8,12.5,0,0,0.0,0,5,5,4,0,0,0,0,2,1,6,1,"Estadio Primero de Marzo, Asunción",125528,Grupo B,0,3
10/12/2025,LOCAL,BRA,CHI,2,MATHIAS,CAIO,"MATHIAS, C.",399,6:39,0,0,0,0.0,0,1,0.0,0,0,0.0,1,1,2,1,2,2,0,0,1,1,2,1,"Estadio Primero de Marzo, Asunción",125528,Grupo B,0,11
10/12/2025,LOCAL,BRA,CHI,99,DE RINALDE,JOÃO MARCELO,"DE RINALDE, J.",423,7:3,2,1,2,50.0,0,0,0.0,0,0,0.0,2,2,4,0,0,0,0,0,0,1,5,1,"Estadio Primero de Marzo, Asunción",125528,Grupo B,0,11
10/12/2025,VISITANTE,CHI,BRA,0,MUSRRI,LUIS,"MUSRRI, L.",872,14:32,5,2,7,28.6,0,3,0.0,1,2,50.0,0,2,2,2,0,1,0,0,0,1,-1,0,"Estadio Primero de Marzo, Asunción",125528,Grupo B,0,-22
10/12/2025,VISITANTE,CHI,BRA,1,PACHANO,GABRIEL,"PACHANO, G.",888,14:48,15,2,3,66.7,3,6,50.0,2,2,100.0,2,0,2,2,0,1,0,0,0,1,14,0,"Estadio Primero de Marzo, Asunción",125528,Grupo B,0,4
10/12/2025,VISITANTE,CHI,BRA,2,LA RIVERA,TOMAS,"LA RIVERA, T.",1140,19:0,2,1,1,100.0,0,1,0.0,0,0,0.0,1,0,1,1,0,1,0,0,1,0,2,0,"Estadio Primero de Marzo, Asunción",125528,Grupo B,0,-14
10/12/2025,VISITANTE,CHI,BRA,3,CASTRO,MATEO,"CASTRO, M.",1081,18:1,12,1,1,100.0,3,4,75.0,1,2,50.0,2,3,5,2,1,1,1,0,2,1,18,0,"Estadio Primero de Marzo, Asunción",125528,Grupo B,0,-9
10/12/2025,VISITANTE,CHI,BRA,4,HITSCHFELD,MATHIAS,"HITSCHFELD, M.",450,7:30,1,0,2,0.0,0,1,0.0,1,2,50.0,0,0,0,2,1,1,0,0,0,1,-1,0,"Estadio Primero de Marzo, Asunción",125528,Grupo B,1,-2
10/12/2025,VISITANTE,CHI,BRA,7,PINO,TOMAS,"PINO, T.",829,13:49,3,0,1,0.0,1,1,100.0,0,0,0.0,1,0,1,1,0,0,0,0,0,0,4,0,"Estadio Primero de Marzo, Asunción",125528,Grupo B,0,0
10/12/2025,VISITANTE,CHI,BRA,8,ECHEVERRIA,AGUSTIN,"ECHEVERRIA, A.",1103,18:23,0,0,1,0.0,0,2,0.0,0,0,0.0,3,0,3,1,0,2,0,0,2,2,-1,0,"Estadio Primero de Marzo, Asunción",125528,Grupo B,1,-11
10/12/2025,VISITANTE,CHI,BRA,9,STUARDO,PEDRO,"STUARDO, P.",1531,25:31,14,7,10,70.0,0,1,0.0,0,1,0.0,5,2,7,1,3,2,1,0,2,1,19,0,"Estadio Primero de Marzo, Asunción",125528,Grupo B,0,-7
10/12/2025,VISITANTE,CHI,BRA,10,SARAVIA,FRANCISCO,"SARAVIA, F.",1666,27:46,14,4,13,30.8,1,4,25.0,3,3,100.0,2,0,2,4,2,6,0,0,2,6,4,0,"Estadio Primero de Marzo, Asunción",125528,Grupo B,1,-33
10/12/2025,VISITANTE,CHI,BRA,11,DONOSO,PEDRO,"DONOSO, P.",0,0:0,0,0,0,0.0,0,0,0.0,0,0,0.0,0,0,0,0,0,0,0,0,0,0,0,0,"Estadio Primero de Marzo, Asunción",125528,Grupo B,0,0
10/12/2025,VISITANTE,CHI,BRA,15,VELÁSQUEZ,MATEO,"VELÁSQUEZ, M.",1429,23:49,4,2,5,40.0,0,2,0.0,0,0,0.0,3,2,5,1,0,1,0,0,4,0,4,0,"Estadio Primero de Marzo, Asunción",125528,Grupo B,1,-31
10/12/2025,VISITANTE,CHI,BRA,17,QUEZADA,MAXIMILIANO,"QUEZADA, M.",1011,16:51,0,0,3,0.0,0,0,0.0,0,0,0.0,1,1,2,1,0,2,1,0,2,1,-1,0,"Estadio Primero de Marzo, Asunción",125528,Grupo B,1,-20
11/12/2025,LOCAL,CHI,PAR,0,MUSRRI,LUIS,"MUSRRI, L.",865,14:25,2,1,4,25.0,0,2,0.0,0,0,0.0,1,0,1,1,1,3,0,0,0,3,-3,1,"Estadio Primero de Marzo, Asunción",125529,Grupo B,0,11
11/12/2025,LOCAL,CHI,PAR,1,PACHANO,GABRIEL,"PACHANO, G.",1447,24:7,15,4,5,80.0,2,3,66.7,1,1,100.0,3,0,3,3,0,1,0,0,1,1,18,1,"Estadio Primero de Marzo, Asunción",125529,Grupo B,1,21
11/12/2025,LOCAL,CHI,PAR,2,LA RIVERA,TOMAS,"LA RIVERA, T.",1208,20:8,8,1,1,100.0,2,4,50.0,0,0,0.0,0,1,1,3,0,0,0,0,1,0,10,1,"Estadio Primero de Marzo, Asunción",125529,Grupo B,0,15
11/12/2025,LOCAL,CHI,PAR,3,CASTRO,MATEO,"CASTRO, M.",750,12:30,2,1,2,50.0,0,2,0.0,0,0,0.0,3,1,4,2,1,0,1,0,4,1,7,1,"Estadio Primero de Marzo, Asunción",125529,Grupo B,1,-1
11/12/2025,LOCAL,CHI,PAR,4,HITSCHFELD,MATHIAS,"HITSCHFELD, M.",316,5:16,5,1,2,50.0,1,1,100.0,0,0,0.0,0,0,0,0,0,1,0,0,0,0,3,1,"Estadio Primero de Marzo, Asunción",125529,Grupo B,0,5
11/12/2025,LOCAL,CHI,PAR,7,PINO,TOMAS,"PINO, T.",145,2:25,0,0,0,0.0,0,0,0.0,0,0,0.0,1,0,1,0,0,0,0,0,2,0,1,1,"Estadio Primero de Marzo, Asunción",125529,Grupo B,0,-2
11/12/2025,LOCAL,CHI,PAR,8,ECHEVERRIA,AGUSTIN,"ECHEVERRIA, A.",1054,17:34,11,1,2,50.0,3,7,42.9,0,0,0.0,3,0,3,0,1,0,1,0,1,1,11,1,"Estadio Primero de Marzo, Asunción",125529,Grupo B,0,3
11/12/2025,LOCAL,CHI,PAR,9,STUARDO,PEDRO,"STUARDO, P.",1783,29:43,13,5,12,41.7,1,2,50.0,0,2,0.0,2,2,4,3,3,2,0,0,3,3,11,1,"Estadio Primero de Marzo, Asunción",125529,Grupo B,1,17
11/12/2025,LOCAL,CHI,PAR,10,SARAVIA,FRANCISCO,"SARAVIA, F.",1571,26:11,25,7,13,53.8,0,4,0.0,11,11,100.0,7,0,7,6,5,4,0,0,1,7,29,1,"Estadio Primero de Marzo, Asunción",125529,Grupo B,1,21
11/12/2025,LOCAL,CHI,PAR,11,DONOSO,PEDRO,"DONOSO, P.",702,11:42,2,1,1,100.0,0,0,0.0,0,0,0.0,1,0,1,0,1,0,0,0,1,0,4,1,"Estadio Primero de Marzo, Asunción",125529,Grupo B,0,10
11/12/2025,LOCAL,CHI,PAR,15,VELÁSQUEZ,MATEO,"VELÁSQUEZ, M.",862,14:22,10,4,4,100.0,0,0,0.0,2,4,50.0,3,1,4,1,1,1,0,0,2,2,13,1,"Estadio Primero de Marzo, Asunción",125529,Grupo B,0,10
11/12/2025,LOCAL,CHI,PAR,17,QUEZADA,MAXIMILIANO,"QUEZADA, M.",1297,21:37,2,1,2,50.0,0,0,0.0,0,0,0.0,2,0,2,0,0,1,2,0,3,0,4,1,"Estadio Primero de Marzo, Asunción",125529,Grupo B,1,15
11/12/2025,VISITANTE,PAR,CHI,3,RADICE,ROBERTO,"RADICE, R.",1769,29:29,11,1,1,100.0,3,6,50.0,0,1,0.0,0,1,1,1,1,3,0,0,5,2,7,0,"Estadio Primero de Marzo, Asunción",125529,Grupo B,1,-26
11/12/2025,VISITANTE,PAR,CHI,5,VERA,LUIS,"VERA, L.",1354,22:34,2,1,2,50.0,0,1,0.0,0,0,0.0,2,1,3,1,0,4,0,0,2,0,0,0,"Estadio Primero de Marzo, Asunción",125529,Grupo B,1,-26
11/12/2025,VISITANTE,PAR,CHI,6,TALAVERA,ALEJANDRO,"TALAVERA, A.",1716,28:36,11,4,9,44.4,1,5,20.0,0,0,0.0,3,0,3,3,4,3,0,0,3,0,9,0,"Estadio Primero de Marzo, Asunción",125529,Grupo B,1,-26
11/12/2025,VISITANTE,PAR,CHI,7,IRALA,MATEO,"IRALA, M.",84,1:24,2,0,1,0.0,0,0,0.0,2,2,100.0,1,1,2,0,0,1,0,0,0,1,2,0,"Estadio Primero de Marzo, Asunción",125529,Grupo B,0,0
11/12/2025,VISITANTE,PAR,CHI,9,VAZQUEZ,JUAN,"VAZQUEZ, J.",669,11:9,4,2,2,100.0,0,0,0.0,0,0,0.0,0,0,0,2,2,2,0,0,0,0,6,0,"Estadio Primero de Marzo, Asunción",125529,Grupo B,0,1
11/12/2025,VISITANTE,PAR,CHI,10,DOMINGUEZ,EVERT,"DOMINGUEZ, E.",63,1:3,0,0,0,0.0,0,1,0.0,0,0,0.0,0,0,0,0,0,0,0,0,1,0,-1,0,"Estadio Primero de Marzo, Asunción",125529,Grupo B,0,-1
11/12/2025,VISITANTE,PAR,CHI,14,ESCURRA,MAURICIO,"ESCURRA, M.",2198,36:38,23,4,8,50.0,2,4,50.0,9,9,100.0,10,2,12,3,2,7,1,0,1,8,28,0,"Estadio Primero de Marzo, Asunción",125529,Grupo B,1,-17
11/12/2025,VISITANTE,PAR,CHI,15,HACHEN,RICHARD,"HACHEN, R.",231,3:51,1,0,0,0.0,0,0,0.0,1,2,50.0,0,1,1,0,0,1,0,0,1,1,0,0,"Estadio Primero de Marzo, Asunción",125529,Grupo B,0,5
11/12/2025,VISITANTE,PAR,CHI,21,GONZALEZ,NESTOR,"GONZALEZ, N.",2085,34:45,16,5,14,35.7,1,1,100.0,3,4,75.0,6,2,8,1,0,2,1,0,2,4,14,0,"Estadio Primero de Marzo, Asunción",125529,Grupo B,1,-30
11/12/2025,VISITANTE,PAR,CHI,34,GIMENEZ,MAXIMILIANO,"GIMENEZ, M.",1046,17:26,0,0,1,0.0,0,0,0.0,0,4,0.0,4,0,4,1,0,0,2,0,3,3,2,0,"Estadio Primero de Marzo, Asunción",125529,Grupo B,0,1
11/12/2025,VISITANTE,PAR,CHI,55,MOLINAS,JOSE,"MOLINAS, J.",63,1:3,0,0,0,0.0,0,0,0.0,0,0,0.0,0,0,0,0,0,0,0,0,0,0,0,0,"Estadio Primero de Marzo, Asunción",125529,Grupo B,0,-1
11/12/2025,VISITANTE,PAR,CHI,81,CUELLAR,EZEQUIEL,"CUELLAR, E.",722,12:2,0,0,0,0.0,0,1,0.0,0,0,0.0,1,0,1,0,0,0,0,0,0,0,0,0,"Estadio Primero de Marzo, Asunción",125529,Grupo B,0,-5
11/12/2025,LOCAL,VEN,BRA,2,TORRES,DEIKER,"TORRES, D.",1229,20:29,10,2,5,40.0,2,3,66.7,0,0,0.0,0,0,0,3,2,1,0,0,1,2,10,0,"Estadio Primero de Marzo, Asunción",125530,Grupo B,0,-5
11/12/2025,LOCAL,VEN,BRA,3,VASQUEZ,JULIO,"VASQUEZ, J.",1826,30:26,16,8,20,40.0,0,5,0.0,0,0,0.0,1,2,3,4,1,1,0,0,2,1,6,0,"Estadio Primero de Marzo, Asunción",125530,Grupo B,1,-9
11/12/2025,LOCAL,VEN,BRA,4,SEGOVIA,RICHARD,"SEGOVIA, R.",1142,19:2,10,1,3,33.3,2,6,33.3,2,2,100.0,1,2,3,2,0,0,0,0,1,2,9,0,"Estadio Primero de Marzo, Asunción",125530,Grupo B,1,-16
11/12/2025,LOCAL,VEN,BRA,7,LARA,JOSE,"LARA, J.",1096,18:16,6,3,5,60.0,0,1,0.0,0,0,0.0,8,1,9,3,1,0,0,0,0,0,16,0,"Estadio Primero de Marzo, Asunción",125530,Grupo B,1,-13
11/12/2025,LOCAL,VEN,BRA,9,PERDOMO,JUAN,"PERDOMO, J.",1198,19:58,12,1,1,100.0,3,5,60.0,1,1,100.0,3,0,3,0,1,2,1,0,3,1,13,0,"Estadio Primero de Marzo, Asunción",125530,Grupo B,0,7
11/12/2025,LOCAL,VEN,BRA,12,MIQUILARENO,GABRIEL,"MIQUILARENO, G.",182,3:2,0,0,0,0.0,0,0,0.0,0,0,0.0,1,0,1,0,0,0,0,0,0,0,1,0,"Estadio Primero de Marzo, Asunción",125530,Grupo B,0,2
11/12/2025,LOCAL,VEN,BRA,14,GUTIERREZ,KEVIN,"GUTIERREZ, K.",1823,30:23,6,1,4,25.0,1,4,25.0,1,2,50.0,4,1,5,1,0,1,1,0,2,1,5,0,"Estadio Primero de Marzo, Asunción",125530,Grupo B,1,-21
11/12/2025,LOCAL,VEN,BRA,18,ANILLO,WILLIAMS,"ANILLO, W.",851,14:11,6,2,2,100.0,0,3,0.0,2,3,66.7,0,0,0,0,4,1,0,0,2,2,5,0,"Estadio Primero de Marzo, Asunción",125530,Grupo B,0,-8
11/12/2025,LOCAL,VEN,BRA,20,MONTERO,ISAAC,"MONTERO, I.",727,12:7,0,0,2,0.0,0,0,0.0,0,0,0.0,2,0,2,1,0,0,0,0,1,0,1,0,"Estadio Primero de Marzo, Asunción",125530,Grupo B,0,-2
11/12/2025,LOCAL,VEN,BRA,23,NIÑO,SAMUEL,"NIÑO, S.",1817,30:17,9,3,7,42.9,0,1,0.0,3,6,50.0,4,3,7,2,0,1,0,0,3,3,9,0,"Estadio Primero de Marzo, Asunción",125530,Grupo B,1,-10
11/12/2025,LOCAL,VEN,BRA,26,SOTO,DIEGO,"SOTO, D.",110,1:50,4,1,1,100.0,0,0,0.0,2,2,100.0,0,0,0,0,1,1,0,0,1,1,4,0,"Estadio Primero de Marzo, Asunción",125530,Grupo B,0,0
11/12/2025,LOCAL,VEN,BRA,51,CARRIZO,JOSE,"CARRIZO, J.",0,0:0,0,0,0,0.0,0,0,0.0,0,0,0.0,0,0,0,0,0,0,0,0,0,0,0,0,"Estadio Primero de Marzo, Asunción",125530,Grupo B,0,0
11/12/2025,VISITANTE,BRA,VEN,2,MATHIAS,CAIO,"MATHIAS, C.",461,7:41,3,0,0,0.0,1,2,50.0,0,0,0.0,2,1,3,0,0,1,0,0,3,1,4,1,"Estadio Primero de Marzo, Asunción",125530,Grupo B,0,0
11/12/2025,VISITANTE,BRA,VEN,3,NASCIMENTO,MATHEUS,"NASCIMENTO, M.",755,12:35,3,0,2,0.0,1,2,50.0,0,0,0.0,0,1,1,1,0,0,0,0,1,0,2,1,"Estadio Primero de Marzo, Asunción",125530,Grupo B,0,0
11/12/2025,VISITANTE,BRA,VEN,6,ALVES,PEDRO,"ALVES, P.",896,14:56,2,0,1,0.0,0,0,0.0,2,6,33.3,4,1,5,0,0,1,1,0,1,3,2,1,"Estadio Primero de Marzo, Asunción",125530,Grupo B,0,3
11/12/2025,VISITANTE,BRA,VEN,8,FERNANDES,JOAO GABRIEL,"FERNANDES, J.",677,11:17,0,0,0,0.0,0,6,0.0,0,0,0.0,0,0,0,1,0,0,0,0,1,0,-5,1,"Estadio Primero de Marzo, Asunción",125530,Grupo B,0,-5
11/12/2025,VISITANTE,BRA,VEN,10,MELO,PIETRO,"MELO, P.",1636,27:16,23,4,5,80.0,5,10,50.0,0,0,0.0,2,0,2,3,1,1,0,0,3,2,22,1,"Estadio Primero de Marzo, Asunción",125530,Grupo B,1,24
11/12/2025,VISITANTE,BRA,VEN,11,BANDIERA,JOÃO,"BANDIERA, J.",281,4:41,0,0,0,0.0,0,1,0.0,0,0,0.0,0,0,0,0,0,2,0,0,0,1,-3,1,"Estadio Primero de Marzo, Asunción",125530,Grupo B,0,-9
11/12/2025,VISITANTE,BRA,VEN,14,NEVES,JOAO,"NEVES, J.",1583,26:23,11,3,6,50.0,1,5,20.0,2,2,100.0,9,2,11,7,0,2,1,0,0,1,21,1,"Estadio Primero de Marzo, Asunción",125530,Grupo B,1,20
11/12/2025,VISITANTE,BRA,VEN,25,SOUZA,PEDRO,"SOUZA, P.",1765,29:25,21,8,12,66.7,1,5,20.0,2,2,100.0,5,2,7,2,0,1,0,0,2,2,21,1,"Estadio Primero de Marzo, Asunción",125530,Grupo B,1,15
11/12/2025,VISITANTE,BRA,VEN,33,FERREIRA,CRISTIAN,"FERREIRA, C.",1405,23:25,2,1,4,25.0,0,0,0.0,0,4,0.0,6,2,8,2,1,1,1,0,2,3,6,1,"Estadio Primero de Marzo, Asunción",125530,Grupo B,1,11
11/12/2025,VISITANTE,BRA,VEN,45,SANTOS,ISAIAH,"SANTOS, I.",1134,18:54,13,4,8,50.0,1,5,20.0,2,2,100.0,6,6,12,0,1,2,1,0,0,1,17,1,"Estadio Primero de Marzo, Asunción",125530,Grupo B,0,-4
11/12/2025,VISITANTE,BRA,VEN,50,SANTOS,EDUARDO,"SANTOS, E.",1407,23:27,16,7,9,77.8,0,3,0.0,2,3,66.7,7,3,10,0,0,1,1,0,0,2,20,1,"Estadio Primero de Marzo, Asunción",125530,Grupo B,1,20
11/12/2025,VISITANTE,BRA,VEN,99,DE RINALDE,JOÃO MARCELO,"DE RINALDE, J.",0,0:0,0,0,0,0.0,0,0,0.0,0,0,0.0,0,0,0,0,0,0,0,0,0,0,0,1,"Estadio Primero de Marzo, Asunción",125530,Grupo B,0,0
12/12/2025,LOCAL,PAR,BRA,3,RADICE,ROBERTO,"RADICE, R.",948,15:48,12,1,2,50.0,2,4,50.0,4,6,66.7,1,1,2,0,0,0,0,0,1,3,9,0,"Estadio Primero de Marzo, Asunción",125531,Grupo B,1,-25
12/12/2025,LOCAL,PAR,BRA,5,VERA,LUIS,"VERA, L.",1522,25:22,4,1,3,33.3,0,4,0.0,2,2,100.0,3,0,3,3,1,1,4,0,2,2,8,0,"Estadio Primero de Marzo, Asunción",125531,Grupo B,1,-52
12/12/2025,LOCAL,PAR,BRA,6,TALAVERA,ALEJANDRO,"TALAVERA, A.",1069,17:49,8,4,5,80.0,0,3,0.0,0,0,0.0,1,0,1,1,2,4,0,0,2,1,4,0,"Estadio Primero de Marzo, Asunción",125531,Grupo B,1,-21
12/12/2025,LOCAL,PAR,BRA,7,IRALA,MATEO,"IRALA, M.",1473,24:33,0,0,2,0.0,0,0,0.0,0,2,0.0,4,2,6,2,1,6,1,0,0,1,0,0,"Estadio Primero de Marzo, Asunción",125531,Grupo B,0,-45
12/12/2025,LOCAL,PAR,BRA,9,VAZQUEZ,JUAN,"VAZQUEZ, J.",867,14:27,3,0,1,0.0,1,2,50.0,0,0,0.0,0,0,0,1,2,4,0,0,0,2,0,0,"Estadio Primero de Marzo, Asunción",125531,Grupo B,0,-35
12/12/2025,LOCAL,PAR,BRA,10,DOMINGUEZ,EVERT,"DOMINGUEZ, E.",1003,16:43,10,2,3,66.7,2,4,50.0,0,1,0.0,0,0,0,0,1,3,0,0,0,2,4,0,"Estadio Primero de Marzo, Asunción",125531,Grupo B,0,-21
12/12/2025,LOCAL,PAR,BRA,14,ESCURRA,MAURICIO,"ESCURRA, M.",1104,18:24,4,1,3,33.3,0,4,0.0,2,2,100.0,1,0,1,0,2,1,0,0,2,2,0,0,"Estadio Primero de Marzo, Asunción",125531,Grupo B,1,-26
12/12/2025,LOCAL,PAR,BRA,15,HACHEN,RICHARD,"HACHEN, R.",520,8:40,0,0,1,0.0,0,1,0.0,0,0,0.0,1,0,1,0,0,1,0,0,5,1,-2,0,"Estadio Primero de Marzo, Asunción",125531,Grupo B,0,-24
12/12/2025,LOCAL,PAR,BRA,21,GONZALEZ,NESTOR,"GONZALEZ, N.",1004,16:44,0,0,6,0.0,0,3,0.0,0,0,0.0,1,1,2,0,0,1,0,0,0,3,-8,0,"Estadio Primero de Marzo, Asunción",125531,Grupo B,1,-32
12/12/2025,LOCAL,PAR,BRA,34,GIMENEZ,MAXIMILIANO,"GIMENEZ, M.",74,1:14,0,0,0,0.0,0,0,0.0,0,0,0.0,0,0,0,0,0,0,0,0,1,0,0,0,"Estadio Primero de Marzo, Asunción",125531,Grupo B,0,-4
12/12/2025,LOCAL,PAR,BRA,55,MOLINAS,JOSE,"MOLINAS, J.",1277,21:17,4,2,6,33.3,0,0,0.0,0,0,0.0,1,0,1,0,0,2,1,0,2,0,0,0,"Estadio Primero de Marzo, Asunción",125531,Grupo B,0,-23
12/12/2025,LOCAL,PAR,BRA,81,CUELLAR,EZEQUIEL,"CUELLAR, E.",1139,18:59,2,1,4,25.0,0,1,0.0,0,0,0.0,1,0,1,1,0,0,0,0,0,0,0,0,"Estadio Primero de Marzo, Asunción",125531,Grupo B,0,-42
12/12/2025,VISITANTE,BRA,PAR,2,MATHIAS,CAIO,"MATHIAS, C.",1269,21:9,11,2,3,66.7,2,6,33.3,1,1,100.0,0,1,1,0,1,2,0,0,1,1,6,1,"Estadio Primero de Marzo, Asunción",125531,Grupo B,0,34
12/12/2025,VISITANTE,BRA,PAR,3,NASCIMENTO,MATHEUS,"NASCIMENTO, M.",976,16:16,7,2,2,100.0,1,3,33.3,0,0,0.0,2,2,4,2,2,2,0,0,1,0,11,1,"Estadio Primero de Marzo, Asunción",125531,Grupo B,0,20
12/12/2025,VISITANTE,BRA,PAR,6,ALVES,PEDRO,"ALVES, P.",992,16:32,0,0,1,0.0,0,0,0.0,0,0,0.0,3,0,3,1,0,2,2,0,4,1,3,1,"Estadio Primero de Marzo, Asunción",125531,Grupo B,1,19
12/12/2025,VISITANTE,BRA,PAR,8,FERNANDES,JOAO GABRIEL,"FERNANDES, J.",1459,24:19,16,2,5,40.0,4,9,44.4,0,0,0.0,2,2,4,5,0,0,0,0,2,0,17,1,"Estadio Primero de Marzo, Asunción",125531,Grupo B,0,41
12/12/2025,VISITANTE,BRA,PAR,10,MELO,PIETRO,"MELO, P.",1035,17:15,16,2,2,100.0,4,8,50.0,0,0,0.0,3,0,3,3,0,2,0,0,0,0,16,1,"Estadio Primero de Marzo, Asunción",125531,Grupo B,1,26
12/12/2025,VISITANTE,BRA,PAR,11,BANDIERA,JOÃO,"BANDIERA, J.",1071,17:51,4,2,4,50.0,0,2,0.0,0,0,0.0,4,2,6,3,3,1,1,0,0,0,12,1,"Estadio Primero de Marzo, Asunción",125531,Grupo B,0,30
12/12/2025,VISITANTE,BRA,PAR,14,NEVES,JOAO,"NEVES, J.",634,10:34,6,3,5,60.0,0,0,0.0,0,0,0.0,1,2,3,1,0,2,0,0,1,0,6,1,"Estadio Primero de Marzo, Asunción",125531,Grupo B,1,17
12/12/2025,VISITANTE,BRA,PAR,25,SOUZA,PEDRO,"SOUZA, P.",885,14:45,10,4,6,66.7,0,2,0.0,2,3,66.7,4,0,4,8,1,2,0,0,0,2,16,1,"Estadio Primero de Marzo, Asunción",125531,Grupo B,1,39
12/12/2025,VISITANTE,BRA,PAR,33,FERREIRA,CRISTIAN,"FERREIRA, C.",713,11:53,9,3,5,60.0,0,0,0.0,3,6,50.0,1,4,5,0,2,0,1,0,2,4,12,1,"Estadio Primero de Marzo, Asunción",125531,Grupo B,0,28
12/12/2025,VISITANTE,BRA,PAR,45,SANTOS,ISAIAH,"SANTOS, I.",1330,22:10,18,5,8,62.5,1,3,33.3,5,6,83.3,6,5,11,3,2,1,0,0,0,4,27,1,"Estadio Primero de Marzo, Asunción",125531,Grupo B,0,44
12/12/2025,VISITANTE,BRA,PAR,50,SANTOS,EDUARDO,"SANTOS, E.",882,14:42,12,3,7,42.9,1,2,50.0,3,3,100.0,5,3,8,1,1,1,0,0,2,3,16,1,"Estadio Primero de Marzo, Asunción",125531,Grupo B,1,29
12/12/2025,VISITANTE,BRA,PAR,99,DE RINALDE,JOÃO MARCELO,"DE RINALDE, J.",754,12:34,8,4,6,66.7,0,0,0.0,0,0,0.0,6,4,10,0,0,1,1,0,4,0,16,1,"Estadio Primero de Marzo, Asunción",125531,Grupo B,0,23
12/12/2025,LOCAL,CHI,VEN,0,MUSRRI,LUIS,"MUSRRI, L.",1003,16:43,7,2,4,50.0,1,3,33.3,0,3,0.0,1,0,1,2,0,1,0,0,4,3,2,0,"Estadio Primero de Marzo, Asunción",125532,Grupo B,0,-13
12/12/2025,LOCAL,CHI,VEN,1,PACHANO,GABRIEL,"PACHANO, G.",1300,21:40,3,0,3,0.0,1,2,50.0,0,0,0.0,1,0,1,2,0,1,0,0,1,0,1,0,"Estadio Primero de Marzo, Asunción",125532,Grupo B,1,-9
12/12/2025,LOCAL,CHI,VEN,2,LA RIVERA,TOMAS,"LA RIVERA, T.",1659,27:39,13,2,3,66.7,3,5,60.0,0,0,0.0,1,0,1,0,0,1,0,0,4,0,10,0,"Estadio Primero de Marzo, Asunción",125532,Grupo B,0,-22
12/12/2025,LOCAL,CHI,VEN,3,CASTRO,MATEO,"CASTRO, M.",595,9:55,2,1,1,100.0,0,0,0.0,0,1,0.0,1,0,1,1,1,1,1,0,0,1,4,0,"Estadio Primero de Marzo, Asunción",125532,Grupo B,1,-1
12/12/2025,LOCAL,CHI,VEN,4,HITSCHFELD,MATHIAS,"HITSCHFELD, M.",479,7:59,3,0,0,0.0,1,2,50.0,0,0,0.0,0,0,0,0,0,0,0,0,0,0,2,0,"Estadio Primero de Marzo, Asunción",125532,Grupo B,0,-7
12/12/2025,LOCAL,CHI,VEN,7,PINO,TOMAS,"PINO, T.",280,4:40,0,0,1,0.0,0,0,0.0,0,0,0.0,0,1,1,0,0,1,0,0,0,0,-1,0,"Estadio Primero de Marzo, Asunción",125532,Grupo B,0,-12
12/12/2025,LOCAL,CHI,VEN,8,ECHEVERRIA,AGUSTIN,"ECHEVERRIA, A.",141,2:21,0,0,0,0.0,0,2,0.0,0,0,0.0,0,0,0,0,0,1,0,0,0,0,-3,0,"Estadio Primero de Marzo, Asunción",125532,Grupo B,0,-6
12/12/2025,LOCAL,CHI,VEN,9,STUARDO,PEDRO,"STUARDO, P.",1439,23:59,2,1,3,33.3,0,4,0.0,0,0,0.0,5,0,5,5,3,2,1,0,5,1,8,0,"Estadio Primero de Marzo, Asunción",125532,Grupo B,1,-3
12/12/2025,LOCAL,CHI,VEN,10,SARAVIA,FRANCISCO,"SARAVIA, F.",2028,33:48,22,5,11,45.5,2,6,33.3,6,8,75.0,4,0,4,3,1,3,1,0,1,4,16,0,"Estadio Primero de Marzo, Asunción",125532,Grupo B,1,-2
12/12/2025,LOCAL,CHI,VEN,11,DONOSO,PEDRO,"DONOSO, P.",279,4:39,0,0,0,0.0,0,0,0.0,0,0,0.0,0,1,1,0,0,0,0,0,1,0,1,0,"Estadio Primero de Marzo, Asunción",125532,Grupo B,0,-8
12/12/2025,LOCAL,CHI,VEN,15,VELÁSQUEZ,MATEO,"VELÁSQUEZ, M.",1825,30:25,10,3,3,100.0,1,1,100.0,1,2,50.0,5,2,7,2,2,1,1,0,0,2,20,0,"Estadio Primero de Marzo, Asunción",125532,Grupo B,0,-10
12/12/2025,LOCAL,CHI,VEN,17,QUEZADA,MAXIMILIANO,"QUEZADA, M.",972,16:12,2,1,2,50.0,0,0,0.0,0,0,0.0,3,1,4,1,1,1,1,0,0,0,7,0,"Estadio Primero de Marzo, Asunción",125532,Grupo B,1,-2
12/12/2025,VISITANTE,VEN,CHI,2,TORRES,DEIKER,"TORRES, D.",1367,22:47,16,5,6,83.3,1,4,25.0,3,4,75.0,0,0,0,7,0,0,0,0,3,3,18,1,"Estadio Primero de Marzo, Asunción",125532,Grupo B,0,16
12/12/2025,VISITANTE,VEN,CHI,3,VASQUEZ,JULIO,"VASQUEZ, J.",1276,21:16,5,0,3,0.0,1,3,33.3,2,2,100.0,2,0,2,2,2,0,1,0,2,2,7,1,"Estadio Primero de Marzo, Asunción",125532,Grupo B,1,11
12/12/2025,VISITANTE,VEN,CHI,4,SEGOVIA,RICHARD,"SEGOVIA, R.",939,15:39,4,1,3,33.3,0,1,0.0,2,2,100.0,2,0,2,2,1,3,0,0,0,0,3,1,"Estadio Primero de Marzo, Asunción",125532,Grupo B,1,3
12/12/2025,VISITANTE,VEN,CHI,7,LARA,JOSE,"LARA, J.",1762,29:22,17,4,8,50.0,3,7,42.9,0,0,0.0,6,2,8,3,0,0,0,0,1,1,20,1,"Estadio Primero de Marzo, Asunción",125532,Grupo B,1,8
12/12/2025,VISITANTE,VEN,CHI,9,PERDOMO,JUAN,"PERDOMO, J.",1138,18:58,8,1,1,100.0,1,5,20.0,3,3,100.0,1,0,1,1,0,1,0,0,0,1,5,1,"Estadio Primero de Marzo, Asunción",125532,Grupo B,0,16
12/12/2025,VISITANTE,VEN,CHI,12,MIQUILARENO,GABRIEL,"MIQUILARENO, G.",0,0:0,0,0,0,0.0,0,0,0.0,0,0,0.0,0,0,0,0,0,0,0,0,0,0,0,1,"Estadio Primero de Marzo, Asunción",125532,Grupo B,0,0
12/12/2025,VISITANTE,VEN,CHI,14,GUTIERREZ,KEVIN,"GUTIERREZ, K.",1774,29:34,15,6,7,85.7,0,0,0.0,3,4,75.0,10,0,10,2,0,3,1,0,1,5,23,1,"Estadio Primero de Marzo, Asunción",125532,Grupo B,1,19
12/12/2025,VISITANTE,VEN,CHI,18,ANILLO,WILLIAMS,"ANILLO, W.",1423,23:43,7,0,0,0.0,1,4,25.0,4,4,100.0,4,0,4,1,1,1,1,0,1,2,10,1,"Estadio Primero de Marzo, Asunción",125532,Grupo B,0,10
12/12/2025,VISITANTE,VEN,CHI,20,MONTERO,ISAAC,"MONTERO, I.",469,7:49,2,1,1,100.0,0,0,0.0,0,0,0.0,2,1,3,0,0,2,1,0,0,0,4,1,"Estadio Primero de Marzo, Asunción",125532,Grupo B,0,5
12/12/2025,VISITANTE,VEN,CHI,23,NIÑO,SAMUEL,"NIÑO, S.",1015,16:55,3,1,2,50.0,0,0,0.0,1,2,50.0,0,0,0,1,0,0,0,0,3,1,2,1,"Estadio Primero de Marzo, Asunción",125532,Grupo B,1,-3
12/12/2025,VISITANTE,VEN,CHI,26,SOTO,DIEGO,"SOTO, D.",837,13:57,6,3,4,75.0,0,0,0.0,0,0,0.0,1,0,1,2,3,2,0,0,0,1,9,1,"Estadio Primero de Marzo, Asunción",125532,Grupo B,0,10
12/12/2025,VISITANTE,VEN,CHI,51,CARRIZO,JOSE,"CARRIZO, J.",0,0:0,0,0,0,0.0,0,0,0.0,0,0,0.0,0,0,0,0,0,0,0,0,0,0,0,1,"Estadio Primero de Marzo, Asunción",125532,Grupo B,0,0
13/12/2025,LOCAL,COL,PAR,4,SANCHEZ,ALEJANDRO,"SANCHEZ, A.",1449,24:9,14,3,3,100.0,2,6,33.3,2,2,100.0,0,0,0,1,0,2,0,0,3,1,9,0,"Estadio Primero de Marzo, Asunción",130826,5°-8° puesto,0,2
13/12/2025,LOCAL,COL,PAR,5,RESTREPO,LEONARDO,"RESTREPO, L.",1737,28:57,3,1,4,25.0,0,8,0.0,1,2,50.0,4,1,5,0,3,3,0,0,0,1,-4,0,"Estadio Primero de Marzo, Asunción",130826,5°-8° puesto,1,-19
13/12/2025,LOCAL,COL,PAR,6,BROWN,SALOMON,"BROWN, S.",197,3:17,0,0,0,0.0,0,0,0.0,0,0,0.0,0,0,0,0,0,0,0,0,1,0,0,0,"Estadio Primero de Marzo, Asunción",130826,5°-8° puesto,0,-6
13/12/2025,LOCAL,COL,PAR,7,BERNAL,MATTHEW,"BERNAL, M.",1971,32:51,19,9,15,60.0,0,5,0.0,1,2,50.0,8,3,11,1,0,2,0,0,2,2,17,0,"Estadio Primero de Marzo, Asunción",130826,5°-8° puesto,1,-10
13/12/2025,LOCAL,COL,PAR,8,SUAREZ,EZEKIEL,"SUAREZ, E.",1072,17:52,7,2,2,100.0,1,4,25.0,0,0,0.0,2,1,3,2,1,1,1,0,3,1,10,0,"Estadio Primero de Marzo, Asunción",130826,5°-8° puesto,0,6
13/12/2025,LOCAL,COL,PAR,10,MATEUS,ANDRES,"MATEUS, A.",1076,17:56,3,0,0,0.0,0,0,0.0,3,4,75.0,9,0,9,0,1,0,1,0,0,2,13,0,"Estadio Primero de Marzo, Asunción",130826,5°-8° puesto,1,1
13/12/2025,LOCAL,COL,PAR,14,CAICEDO,YANSEM,"CAICEDO, Y.",920,15:20,4,2,4,50.0,0,3,0.0,0,0,0.0,0,1,1,1,0,0,0,0,1,0,1,0,"Estadio Primero de Marzo, Asunción",130826,5°-8° puesto,1,-2
13/12/2025,LOCAL,COL,PAR,24,HERNANDEZ,ANDRES,"HERNANDEZ, A.",1039,17:19,8,1,4,25.0,2,4,50.0,0,0,0.0,3,0,3,2,0,2,0,0,2,0,6,0,"Estadio Primero de Marzo, Asunción",130826,5°-8° puesto,0,4
13/12/2025,LOCAL,COL,PAR,32,RIOS,SANTIAGO,"RIOS, S.",555,9:15,2,1,1,100.0,0,3,0.0,0,0,0.0,0,0,0,0,0,0,0,0,1,0,-1,0,"Estadio Primero de Marzo, Asunción",130826,5°-8° puesto,0,-1
13/12/2025,LOCAL,COL,PAR,59,BETANCURT,JULIAN,"BETANCURT, J.",808,13:28,2,1,6,16.7,0,1,0.0,0,0,0.0,3,1,4,2,0,1,0,0,4,1,1,0,"Estadio Primero de Marzo, Asunción",130826,5°-8° puesto,1,5
13/12/2025,LOCAL,COL,PAR,83,OROZCO,ANGEL,"OROZCO, A.",1176,19:36,4,2,5,40.0,0,0,0.0,0,0,0.0,3,2,5,1,1,1,3,0,2,1,10,0,"Estadio Primero de Marzo, Asunción",130826,5°-8° puesto,0,-5
13/12/2025,VISITANTE,PAR,COL,3,RADICE,ROBERTO,"RADICE, R.",1873,31:13,13,0,3,0.0,3,5,60.0,4,7,57.1,2,0,2,4,1,1,0,0,0,5,11,1,"Estadio Primero de Marzo, Asunción",130826,5°-8° puesto,1,-3
13/12/2025,VISITANTE,PAR,COL,5,VERA,LUIS,"VERA, L.",2159,35:59,12,2,4,50.0,2,2,100.0,2,3,66.7,7,2,9,5,0,4,2,0,1,3,21,1,"Estadio Primero de Marzo, Asunción",130826,5°-8° puesto,1,12
13/12/2025,VISITANTE,PAR,COL,6,TALAVERA,ALEJANDRO,"TALAVERA, A.",2135,35:35,18,3,7,42.9,4,10,40.0,0,0,0.0,7,1,8,2,0,2,0,0,2,1,16,1,"Estadio Primero de Marzo, Asunción",130826,5°-8° puesto,1,4
13/12/2025,VISITANTE,PAR,COL,7,IRALA,MATEO,"IRALA, M.",183,3:3,0,0,0,0.0,0,0,0.0,0,0,0.0,0,0,0,0,1,0,0,0,0,1,1,1,"Estadio Primero de Marzo, Asunción",130826,5°-8° puesto,0,-8
13/12/2025,VISITANTE,PAR,COL,9,VAZQUEZ,JUAN,"VAZQUEZ, J.",978,16:18,3,1,1,100.0,0,1,0.0,1,1,100.0,2,0,2,3,1,2,0,0,0,2,6,1,"Estadio Primero de Marzo, Asunción",130826,5°-8° puesto,0,13
13/12/2025,VISITANTE,PAR,COL,10,DOMINGUEZ,EVERT,"DOMINGUEZ, E.",192,3:12,0,0,0,0.0,0,1,0.0,0,0,0.0,0,0,0,0,0,1,0,0,0,0,-2,1,"Estadio Primero de Marzo, Asunción",130826,5°-8° puesto,0,-5
13/12/2025,VISITANTE,PAR,COL,14,ESCURRA,MAURICIO,"ESCURRA, M.",1856,30:56,11,4,8,50.0,1,4,25.0,0,0,0.0,9,1,10,0,3,3,1,0,2,4,15,1,"Estadio Primero de Marzo, Asunción",130826,5°-8° puesto,1,4
13/12/2025,VISITANTE,PAR,COL,15,HACHEN,RICHARD,"HACHEN, R.",344,5:44,1,0,2,0.0,0,0,0.0,1,2,50.0,4,1,5,0,1,2,0,0,0,1,2,1,"Estadio Primero de Marzo, Asunción",130826,5°-8° puesto,0,-5
13/12/2025,VISITANTE,PAR,COL,21,GONZALEZ,NESTOR,"GONZALEZ, N.",2056,34:16,13,6,18,33.3,0,1,0.0,1,4,25.0,5,5,10,1,0,3,0,0,4,2,5,1,"Estadio Primero de Marzo, Asunción",130826,5°-8° puesto,1,10
13/12/2025,VISITANTE,PAR,COL,34,GIMENEZ,MAXIMILIANO,"GIMENEZ, M.",0,0:0,0,0,0,0.0,0,0,0.0,0,0,0.0,0,0,0,0,0,0,0,0,0,0,0,1,"Estadio Primero de Marzo, Asunción",130826,5°-8° puesto,0,0
13/12/2025,VISITANTE,PAR,COL,55,MOLINAS,JOSE,"MOLINAS, J.",0,0:0,0,0,0,0.0,0,0,0.0,0,0,0.0,0,0,0,0,0,0,0,0,0,0,0,1,"Estadio Primero de Marzo, Asunción",130826,5°-8° puesto,0,0
13/12/2025,VISITANTE,PAR,COL,81,CUELLAR,EZEQUIEL,"CUELLAR, E.",224,3:44,0,0,0,0.0,0,0,0.0,0,0,0.0,0,0,0,0,0,0,0,0,0,0,0,1,"Estadio Primero de Marzo, Asunción",130826,5°-8° puesto,0,3
13/12/2025,LOCAL,CHI,ECU,0,MUSRRI,LUIS,"MUSRRI, L.",1132,18:52,14,4,4,100.0,2,4,50.0,0,0,0.0,2,0,2,3,0,6,1,0,2,1,12,1,"Estadio Primero de Marzo, Asunción",130827,5°-8° puesto,0,7
13/12/2025,LOCAL,CHI,ECU,1,PACHANO,GABRIEL,"PACHANO, G.",1323,22:3,8,4,5,80.0,0,2,0.0,0,0,0.0,1,0,1,3,1,3,0,0,3,1,7,1,"Estadio Primero de Marzo, Asunción",130827,5°-8° puesto,0,-1
13/12/2025,LOCAL,CHI,ECU,2,LA RIVERA,TOMAS,"LA RIVERA, T.",1362,22:42,9,3,4,75.0,1,6,16.7,0,0,0.0,2,1,3,0,0,3,1,0,1,0,4,1,"Estadio Primero de Marzo, Asunción",130827,5°-8° puesto,1,-5
13/12/2025,LOCAL,CHI,ECU,3,CASTRO,MATEO,"CASTRO, M.",246,4:6,3,1,1,100.0,0,1,0.0,1,1,100.0,1,0,1,1,1,4,0,0,0,1,1,1,"Estadio Primero de Marzo, Asunción",130827,5°-8° puesto,1,5
13/12/2025,LOCAL,CHI,ECU,4,HITSCHFELD,MATHIAS,"HITSCHFELD, M.",1014,16:54,7,0,1,0.0,1,3,33.3,4,4,100.0,1,1,2,0,1,1,0,0,1,3,6,1,"Estadio Primero de Marzo, Asunción",130827,5°-8° puesto,0,19
13/12/2025,LOCAL,CHI,ECU,7,PINO,TOMAS,"PINO, T.",88,1:28,2,1,1,100.0,0,0,0.0,0,0,0.0,0,0,0,0,0,0,0,0,0,0,2,1,"Estadio Primero de Marzo, Asunción",130827,5°-8° puesto,0,2
13/12/2025,LOCAL,CHI,ECU,8,ECHEVERRIA,AGUSTIN,"ECHEVERRIA, A.",1433,23:53,4,2,3,66.7,0,3,0.0,0,0,0.0,2,1,3,0,0,0,0,0,0,0,3,1,"Estadio Primero de Marzo, Asunción",130827,5°-8° puesto,1,-8
13/12/2025,LOCAL,CHI,ECU,9,STUARDO,PEDRO,"STUARDO, P.",1168,19:28,4,2,5,40.0,0,0,0.0,0,0,0.0,5,2,7,1,2,1,0,0,0,1,10,1,"Estadio Primero de Marzo, Asunción",130827,5°-8° puesto,0,6
13/12/2025,LOCAL,CHI,ECU,10,SARAVIA,FRANCISCO,"SARAVIA, F.",710,11:50,9,4,4,100.0,0,2,0.0,1,1,100.0,0,0,0,1,1,2,0,0,1,3,7,1,"Estadio Primero de Marzo, Asunción",130827,5°-8° puesto,1,14
13/12/2025,LOCAL,CHI,ECU,11,DONOSO,PEDRO,"DONOSO, P.",1066,17:46,3,1,3,33.3,0,0,0.0,1,2,50.0,3,2,5,0,0,0,1,0,4,2,6,1,"Estadio Primero de Marzo, Asunción",130827,5°-8° puesto,0,5
13/12/2025,LOCAL,CHI,ECU,15,VELÁSQUEZ,MATEO,"VELÁSQUEZ, M.",1541,25:41,7,2,3,66.7,1,2,50.0,0,0,0.0,2,0,2,2,1,1,0,0,1,1,9,1,"Estadio Primero de Marzo, Asunción",130827,5°-8° puesto,0,6
13/12/2025,LOCAL,CHI,ECU,17,QUEZADA,MAXIMILIANO,"QUEZADA, M.",917,15:17,2,1,4,25.0,0,0,0.0,0,0,0.0,5,0,5,1,1,1,1,0,2,2,6,1,"Estadio Primero de Marzo, Asunción",130827,5°-8° puesto,1,5
13/12/2025,VISITANTE,ECU,CHI,1,CEVALLOS,MICHAEL,"CEVALLOS, M.",1241,20:41,18,3,8,37.5,2,7,28.6,6,8,75.0,2,2,4,1,0,2,0,0,1,5,9,0,"Estadio Primero de Marzo, Asunción",130827,5°-8° puesto,0,1
13/12/2025,VISITANTE,ECU,CHI,2,CASTILLO,JUAN,"CASTILLO, J.",1872,31:12,9,2,7,28.6,1,8,12.5,2,4,50.0,2,0,2,7,4,4,0,0,0,3,4,0,"Estadio Primero de Marzo, Asunción",130827,5°-8° puesto,1,-2
13/12/2025,VISITANTE,ECU,CHI,7,DAZA,JOSÉ,"DAZA, J.",798,13:18,9,4,7,57.1,0,0,0.0,1,2,50.0,3,3,6,1,1,1,0,0,3,3,12,0,"Estadio Primero de Marzo, Asunción",130827,5°-8° puesto,1,11
13/12/2025,VISITANTE,ECU,CHI,10,ZAMBRANO,ALHAN,"ZAMBRANO, A.",621,10:21,0,0,2,0.0,0,4,0.0,0,0,0.0,0,0,0,0,0,2,1,0,0,0,-7,0,"Estadio Primero de Marzo, Asunción",130827,5°-8° puesto,0,-13
13/12/2025,VISITANTE,ECU,CHI,12,MANJARRES,RODRIGO,"MANJARRES, R.",864,14:24,4,2,3,66.7,0,1,0.0,0,2,0.0,0,2,2,0,1,1,0,0,2,1,2,0,"Estadio Primero de Marzo, Asunción",130827,5°-8° puesto,0,-11
13/12/2025,VISITANTE,ECU,CHI,13,MINA,JAHIR,"MINA, J.",221,3:41,0,0,0,0.0,0,0,0.0,0,0,0.0,1,0,1,0,0,0,0,0,0,0,1,0,"Estadio Primero de Marzo, Asunción",130827,5°-8° puesto,0,-13
13/12/2025,VISITANTE,ECU,CHI,14,NOBOA,FELIPE,"NOBOA, F.",1638,27:18,0,0,6,0.0,0,1,0.0,0,0,0.0,1,8,9,1,2,2,0,0,3,0,3,0,"Estadio Primero de Marzo, Asunción",130827,5°-8° puesto,1,5
13/12/2025,VISITANTE,ECU,CHI,15,IBARRA,ISMAEL,"IBARRA, I.",530,8:50,2,1,6,16.7,0,0,0.0,0,2,0.0,0,1,1,0,2,2,0,0,3,1,-4,0,"Estadio Primero de Marzo, Asunción",130827,5°-8° puesto,0,-25
13/12/2025,VISITANTE,ECU,CHI,23,QUIÑONEZ,ADAIR,"QUIÑONEZ, A.",2145,35:45,8,4,5,80.0,0,2,0.0,0,0,0.0,8,5,13,2,2,3,0,0,0,1,19,0,"Estadio Primero de Marzo, Asunción",130827,5°-8° puesto,1,-2
13/12/2025,VISITANTE,ECU,CHI,32,COROZO,JEREMY,"COROZO, J.",1362,22:42,6,3,4,75.0,0,1,0.0,0,2,0.0,5,4,9,1,0,1,1,0,1,1,12,0,"Estadio Primero de Marzo, Asunción",130827,5°-8° puesto,0,-9
13/12/2025,VISITANTE,ECU,CHI,33,REYES,DEIVIS,"REYES, D.",24,0:24,0,0,0,0.0,0,0,0.0,0,0,0.0,0,0,0,0,0,0,0,0,0,0,0,0,"Estadio Primero de Marzo, Asunción",130827,5°-8° puesto,0,0
13/12/2025,VISITANTE,ECU,CHI,48,VARGAS,LHEYDER,"VARGAS, L.",684,11:24,5,1,3,33.3,1,3,33.3,0,0,0.0,1,1,2,0,1,1,0,0,2,0,3,0,"Estadio Primero de Marzo, Asunción",130827,5°-8° puesto,1,3
13/12/2025,LOCAL,ARG,VEN,2,PETTOVELLO,BENJAMIN,"PETTOVELLO, B.",1562,26:2,15,6,12,50.0,0,0,0.0,3,5,60.0,5,4,9,2,1,2,1,0,1,6,18,1,"Estadio Primero de Marzo, Asunción",130828,Semifinal,1,23
13/12/2025,LOCAL,ARG,VEN,4,HERNANDEZ,MANUEL,"HERNANDEZ, M.",1680,28:0,10,2,4,50.0,2,7,28.6,0,3,0.0,3,0,3,1,0,3,1,0,3,2,2,1,"Estadio Primero de Marzo, Asunción",130828,Semifinal,1,19
13/12/2025,LOCAL,ARG,VEN,5,CORNALIS,FACUNDO,"CORNALIS, F.",727,12:7,0,0,1,0.0,0,1,0.0,0,0,0.0,1,1,2,0,1,1,0,0,0,0,0,1,"Estadio Primero de Marzo, Asunción",130828,Semifinal,0,-5
13/12/2025,LOCAL,ARG,VEN,6,GOBETTI,BAUTISTA,"GOBETTI, B.",1335,22:15,9,3,5,60.0,1,1,100.0,0,2,0.0,4,0,4,1,1,1,0,0,2,1,10,1,"Estadio Primero de Marzo, Asunción",130828,Semifinal,1,17
13/12/2025,LOCAL,ARG,VEN,7,TORRENS,ELIAS,"TORRENS, E.",722,12:2,1,0,2,0.0,0,0,0.0,1,2,50.0,1,2,3,0,0,0,1,0,1,1,2,1,"Estadio Primero de Marzo, Asunción",130828,Semifinal,0,1
13/12/2025,LOCAL,ARG,VEN,8,AMAN,GONZALO,"AMAN, G.",881,14:41,0,0,4,0.0,0,2,0.0,0,0,0.0,3,0,3,1,0,2,0,0,3,0,-4,1,"Estadio Primero de Marzo, Asunción",130828,Semifinal,1,7
13/12/2025,LOCAL,ARG,VEN,9,CELIZ,JOAQUIN,"CELIZ, J.",870,14:30,8,2,4,50.0,0,2,0.0,4,4,100.0,7,2,9,2,0,0,0,0,2,4,15,1,"Estadio Primero de Marzo, Asunción",130828,Semifinal,0,16
13/12/2025,LOCAL,ARG,VEN,10,CAUMO,JOAQUIN,"CAUMO, J.",1058,17:38,3,0,4,0.0,0,6,0.0,3,3,100.0,5,0,5,2,1,0,0,0,2,1,1,1,"Estadio Primero de Marzo, Asunción",130828,Semifinal,0,11
13/12/2025,LOCAL,ARG,VEN,11,MORAVANSKY,ROMAN,"MORAVANSKY, R.",1032,17:12,11,1,2,50.0,3,5,60.0,0,0,0.0,4,0,4,0,1,2,0,0,1,1,11,1,"Estadio Primero de Marzo, Asunción",130828,Semifinal,0,11
13/12/2025,LOCAL,ARG,VEN,12,FESSIA,MATEO,"FESSIA, M.",765,12:45,3,1,2,50.0,0,1,0.0,1,2,50.0,0,1,1,0,1,1,1,0,1,4,2,1,"Estadio Primero de Marzo, Asunción",130828,Semifinal,0,-5
13/12/2025,LOCAL,ARG,VEN,14,PETTINAROLI,SANTIAGO,"PETTINAROLI, S.",1252,20:52,6,3,7,42.9,0,2,0.0,0,2,0.0,4,1,5,5,1,0,0,0,0,3,9,1,"Estadio Primero de Marzo, Asunción",130828,Semifinal,1,13
13/12/2025,LOCAL,ARG,VEN,15,MARQUEZ,JUAN,"MARQUEZ, J.",116,1:56,0,0,0,0.0,0,0,0.0,0,0,0.0,0,0,0,0,0,2,0,0,1,0,-2,1,"Estadio Primero de Marzo, Asunción",130828,Semifinal,0,-3
13/12/2025,VISITANTE,VEN,ARG,2,TORRES,DEIKER,"TORRES, D.",1182,19:42,4,0,2,0.0,1,4,25.0,1,2,50.0,4,0,4,2,1,4,0,0,2,1,1,0,"Estadio Primero de Marzo, Asunción",130828,Semifinal,0,-17
13/12/2025,VISITANTE,VEN,ARG,3,VASQUEZ,JULIO,"VASQUEZ, J.",1301,21:41,2,1,11,9.1,0,5,0.0,0,0,0.0,2,3,5,0,0,2,0,0,2,0,-10,0,"Estadio Primero de Marzo, Asunción",130828,Semifinal,1,-13
13/12/2025,VISITANTE,VEN,ARG,4,SEGOVIA,RICHARD,"SEGOVIA, R.",976,16:16,7,3,7,42.9,0,3,0.0,1,1,100.0,0,2,2,0,0,0,0,0,0,2,2,0,"Estadio Primero de Marzo, Asunción",130828,Semifinal,1,-4
13/12/2025,VISITANTE,VEN,ARG,7,LARA,JOSE,"LARA, J.",1487,24:47,4,2,5,40.0,0,2,0.0,0,0,0.0,7,1,8,0,0,3,1,0,1,1,5,0,"Estadio Primero de Marzo, Asunción",130828,Semifinal,1,-11
13/12/2025,VISITANTE,VEN,ARG,9,PERDOMO,JUAN,"PERDOMO, J.",1295,21:35,2,0,3,0.0,0,5,0.0,2,2,100.0,1,0,1,0,2,0,0,0,1,1,-3,0,"Estadio Primero de Marzo, Asunción",130828,Semifinal,0,-1
13/12/2025,VISITANTE,VEN,ARG,12,MIQUILARENO,GABRIEL,"MIQUILARENO, G.",678,11:18,4,2,2,100.0,0,0,0.0,0,6,0.0,4,2,6,0,1,0,1,0,3,3,6,0,"Estadio Primero de Marzo, Asunción",130828,Semifinal,0,-2
13/12/2025,VISITANTE,VEN,ARG,14,GUTIERREZ,KEVIN,"GUTIERREZ, K.",1503,25:3,7,1,4,25.0,1,3,33.3,2,4,50.0,9,2,11,1,0,3,1,0,2,2,10,0,"Estadio Primero de Marzo, Asunción",130828,Semifinal,1,-11
13/12/2025,VISITANTE,VEN,ARG,18,ANILLO,WILLIAMS,"ANILLO, W.",1109,18:29,10,2,3,66.7,2,2,100.0,0,0,0.0,3,0,3,1,0,1,1,0,4,1,13,0,"Estadio Primero de Marzo, Asunción",130828,Semifinal,0,-19
13/12/2025,VISITANTE,VEN,ARG,20,MONTERO,ISAAC,"MONTERO, I.",489,8:9,0,0,0,0.0,0,0,0.0,0,0,0.0,1,0,1,0,0,1,0,0,2,1,0,0,"Estadio Primero de Marzo, Asunción",130828,Semifinal,0,-5
13/12/2025,VISITANTE,VEN,ARG,23,NIÑO,SAMUEL,"NIÑO, S.",853,14:13,2,1,3,33.3,0,1,0.0,0,0,0.0,4,0,4,2,0,1,0,0,3,1,4,0,"Estadio Primero de Marzo, Asunción",130828,Semifinal,1,-14
13/12/2025,VISITANTE,VEN,ARG,26,SOTO,DIEGO,"SOTO, D.",1011,16:51,3,1,4,25.0,0,0,0.0,1,2,50.0,4,0,4,0,0,1,0,0,4,3,2,0,"Estadio Primero de Marzo, Asunción",130828,Semifinal,0,-11
13/12/2025,VISITANTE,VEN,ARG,51,CARRIZO,JOSE,"CARRIZO, J.",116,1:56,0,0,0,0.0,0,0,0.0,0,0,0.0,0,0,0,0,1,0,0,0,0,1,1,0,"Estadio Primero de Marzo, Asunción",130828,Semifinal,0,3
13/12/2025,LOCAL,BRA,URU,2,MATHIAS,CAIO,"MATHIAS, C.",1114,18:34,2,1,2,50.0,0,6,0.0,0,0,0.0,4,1,5,0,0,0,0,0,1,0,0,1,"Estadio Primero de Marzo, Asunción",130829,Semifinal,0,32
13/12/2025,LOCAL,BRA,URU,3,NASCIMENTO,MATHEUS,"NASCIMENTO, M.",1320,22:0,26,3,4,75.0,6,9,66.7,2,4,50.0,0,3,3,1,3,2,0,0,2,2,25,1,"Estadio Primero de Marzo, Asunción",130829,Semifinal,0,41
13/12/2025,LOCAL,BRA,URU,6,ALVES,PEDRO,"ALVES, P.",909,15:9,6,3,3,100.0,0,0,0.0,0,2,0.0,2,2,4,0,0,0,1,0,1,2,9,1,"Estadio Primero de Marzo, Asunción",130829,Semifinal,0,25
13/12/2025,LOCAL,BRA,URU,8,FERNANDES,JOAO GABRIEL,"FERNANDES, J.",713,11:53,3,0,0,0.0,1,3,33.3,0,0,0.0,1,1,2,0,1,0,0,0,0,0,4,1,"Estadio Primero de Marzo, Asunción",130829,Semifinal,0,23
13/12/2025,LOCAL,BRA,URU,10,MELO,PIETRO,"MELO, P.",1004,16:44,13,1,2,50.0,3,6,50.0,2,2,100.0,2,0,2,4,1,1,0,0,1,1,15,1,"Estadio Primero de Marzo, Asunción",130829,Semifinal,1,15
13/12/2025,LOCAL,BRA,URU,11,BANDIERA,JOÃO,"BANDIERA, J.",1112,18:32,3,0,3,0.0,0,3,0.0,3,4,75.0,2,0,2,7,1,2,0,0,2,4,4,1,"Estadio Primero de Marzo, Asunción",130829,Semifinal,0,35
13/12/2025,LOCAL,BRA,URU,14,NEVES,JOAO,"NEVES, J.",942,15:42,3,0,1,0.0,1,5,20.0,0,0,0.0,5,1,6,2,1,2,0,0,2,0,5,1,"Estadio Primero de Marzo, Asunción",130829,Semifinal,1,8
13/12/2025,LOCAL,BRA,URU,25,SOUZA,PEDRO,"SOUZA, P.",1232,20:32,12,3,5,60.0,1,3,33.3,3,4,75.0,4,0,4,2,0,4,0,0,1,6,9,1,"Estadio Primero de Marzo, Asunción",130829,Semifinal,1,14
13/12/2025,LOCAL,BRA,URU,33,FERREIRA,CRISTIAN,"FERREIRA, C.",964,16:4,8,3,3,100.0,0,0,0.0,2,4,50.0,5,3,8,0,0,1,1,0,1,2,14,1,"Estadio Primero de Marzo, Asunción",130829,Semifinal,1,17
13/12/2025,LOCAL,BRA,URU,45,SANTOS,ISAIAH,"SANTOS, I.",1130,18:50,12,2,5,40.0,1,3,33.3,5,6,83.3,4,4,8,3,1,1,0,0,1,3,17,1,"Estadio Primero de Marzo, Asunción",130829,Semifinal,0,28
13/12/2025,LOCAL,BRA,URU,50,SANTOS,EDUARDO,"SANTOS, E.",1047,17:27,12,3,4,75.0,0,2,0.0,6,7,85.7,2,3,5,1,1,3,0,0,1,4,12,1,"Estadio Primero de Marzo, Asunción",130829,Semifinal,1,20
13/12/2025,LOCAL,BRA,URU,99,DE RINALDE,JOÃO MARCELO,"DE RINALDE, J.",514,8:34,6,3,4,75.0,0,0,0.0,0,0,0.0,2,3,5,1,0,0,0,0,1,0,11,1,"Estadio Primero de Marzo, Asunción",130829,Semifinal,0,12
13/12/2025,VISITANTE,URU,BRA,0,ABAL,TOMAS,"ABAL, T.",1107,18:27,4,1,1,100.0,0,3,0.0,2,2,100.0,1,0,1,2,1,2,0,0,2,1,3,0,"Estadio Primero de Marzo, Asunción",130829,Semifinal,0,-33
13/12/2025,VISITANTE,URU,BRA,4,PASTRANA,MANUEL,"PASTRANA, M.",723,12:3,5,1,2,50.0,1,3,33.3,0,0,0.0,2,0,2,0,0,0,0,0,0,1,4,0,"Estadio Primero de Marzo, Asunción",130829,Semifinal,0,-15
13/12/2025,VISITANTE,URU,BRA,5,IZUIBEJERES,FACUNDO,"IZUIBEJERES, F.",1015,16:55,7,2,4,50.0,0,4,0.0,3,3,100.0,1,0,1,4,1,0,0,0,4,2,7,0,"Estadio Primero de Marzo, Asunción",130829,Semifinal,1,-11
13/12/2025,VISITANTE,URU,BRA,8,CRUZ,FEDERICO,"CRUZ, F.",872,14:32,2,1,2,50.0,0,1,0.0,0,0,0.0,0,0,0,2,2,4,0,0,0,0,0,0,"Estadio Primero de Marzo, Asunción",130829,Semifinal,0,-24
13/12/2025,VISITANTE,URU,BRA,10,GOMEZ,LAUTARO,"GOMEZ, L.",1087,18:7,14,5,8,62.5,1,2,50.0,1,2,50.0,2,0,2,0,1,3,1,0,2,1,10,0,"Estadio Primero de Marzo, Asunción",130829,Semifinal,1,-12
13/12/2025,VISITANTE,URU,BRA,11,TESTA,NICOLAS,"TESTA, N.",1473,24:33,11,2,4,50.0,2,4,50.0,1,2,50.0,4,0,4,0,2,1,2,0,1,1,13,0,"Estadio Primero de Marzo, Asunción",130829,Semifinal,1,-26
13/12/2025,VISITANTE,URU,BRA,13,RAMÍREZ,VALENTINO,"RAMÍREZ, V.",948,15:48,2,1,3,33.3,0,1,0.0,0,0,0.0,0,1,1,0,1,1,0,0,1,0,0,0,"Estadio Primero de Marzo, Asunción",130829,Semifinal,0,-32
13/12/2025,VISITANTE,URU,BRA,15,VENET,GABRIEL,"VENET, G.",822,13:42,0,0,0,0.0,0,3,0.0,0,0,0.0,0,0,0,0,1,3,0,0,4,0,-5,0,"Estadio Primero de Marzo, Asunción",130829,Semifinal,0,-29
13/12/2025,VISITANTE,URU,BRA,19,FATA,GABRIEL,"FATA, G.",1268,21:8,0,0,1,0.0,0,3,0.0,0,0,0.0,1,0,1,2,0,2,0,0,3,0,-3,0,"Estadio Primero de Marzo, Asunción",130829,Semifinal,1,-17
13/12/2025,VISITANTE,URU,BRA,21,MICHAELSSON,THIAGO,"MICHAELSSON, T.",927,15:27,5,0,3,0.0,1,1,100.0,2,2,100.0,2,0,2,2,0,3,0,0,1,2,3,0,"Estadio Primero de Marzo, Asunción",130829,Semifinal,0,-28
13/12/2025,VISITANTE,URU,BRA,22,OROZCO,LUCAS,"OROZCO, L.",1394,23:14,2,0,0,0.0,0,1,0.0,2,4,50.0,2,0,2,1,2,2,0,0,3,4,2,0,"Estadio Primero de Marzo, Asunción",130829,Semifinal,1,-33
13/12/2025,VISITANTE,URU,BRA,29,GUZZETTI,JUAN,"GUZZETTI, J.",365,6:5,0,0,0,0.0,0,0,0.0,0,2,0.0,1,1,2,0,0,1,0,0,3,1,-1,0,"Estadio Primero de Marzo, Asunción",130829,Semifinal,0,-10
14/12/2025,LOCAL,COL,ECU,4,SANCHEZ,ALEJANDRO,"SANCHEZ, A.",754,12:34,0,0,4,0.0,0,1,0.0,0,0,0.0,1,0,1,0,0,1,0,0,0,1,-5,0,"Estadio Primero de Marzo, Asunción",130830,7° Puesto,1,-15
14/12/2025,LOCAL,COL,ECU,5,RESTREPO,LEONARDO,"RESTREPO, L.",1948,32:28,24,2,5,40.0,6,16,37.5,2,2,100.0,5,2,7,2,0,2,1,0,4,4,19,0,"Estadio Primero de Marzo, Asunción",130830,7° Puesto,0,1
14/12/2025,LOCAL,COL,ECU,6,BROWN,SALOMON,"BROWN, S.",743,12:23,2,1,2,50.0,0,0,0.0,0,2,0.0,0,1,1,0,0,0,0,0,2,1,0,0,"Estadio Primero de Marzo, Asunción",130830,7° Puesto,1,-2
14/12/2025,LOCAL,COL,ECU,7,BERNAL,MATTHEW,"BERNAL, M.",2089,34:49,7,3,9,33.3,0,3,0.0,1,2,50.0,3,6,9,5,0,3,0,0,0,2,8,0,"Estadio Primero de Marzo, Asunción",130830,7° Puesto,1,-7
14/12/2025,LOCAL,COL,ECU,8,SUAREZ,EZEKIEL,"SUAREZ, E.",739,12:19,2,1,1,100.0,0,2,0.0,0,0,0.0,0,1,1,0,0,1,0,0,1,0,0,0,"Estadio Primero de Marzo, Asunción",130830,7° Puesto,0,-4
14/12/2025,LOCAL,COL,ECU,10,MATEUS,ANDRES,"MATEUS, A.",459,7:39,0,0,0,0.0,0,0,0.0,0,0,0.0,0,0,0,0,0,0,0,0,0,0,0,0,"Estadio Primero de Marzo, Asunción",130830,7° Puesto,1,-1
14/12/2025,LOCAL,COL,ECU,14,CAICEDO,YANSEM,"CAICEDO, Y.",798,13:18,5,1,2,50.0,1,2,50.0,0,0,0.0,1,2,3,2,2,1,0,0,2,0,9,0,"Estadio Primero de Marzo, Asunción",130830,7° Puesto,0,-7
14/12/2025,LOCAL,COL,ECU,24,HERNANDEZ,ANDRES,"HERNANDEZ, A.",974,16:14,12,3,6,50.0,2,4,50.0,0,0,0.0,3,0,3,2,0,4,0,0,5,0,8,0,"Estadio Primero de Marzo, Asunción",130830,7° Puesto,0,5
14/12/2025,LOCAL,COL,ECU,32,RIOS,SANTIAGO,"RIOS, S.",648,10:48,0,0,0,0.0,0,5,0.0,0,0,0.0,2,1,3,0,0,0,0,0,1,0,-2,0,"Estadio Primero de Marzo, Asunción",130830,7° Puesto,0,-6
14/12/2025,LOCAL,COL,ECU,59,BETANCURT,JULIAN,"BETANCURT, J.",1513,25:13,6,2,7,28.6,0,1,0.0,2,2,100.0,4,1,5,1,0,0,0,0,1,1,6,0,"Estadio Primero de Marzo, Asunción",130830,7° Puesto,1,1
14/12/2025,LOCAL,COL,ECU,83,OROZCO,ANGEL,"OROZCO, A.",1335,22:15,4,2,6,33.3,0,0,0.0,0,0,0.0,7,4,11,0,2,3,4,0,2,3,14,0,"Estadio Primero de Marzo, Asunción",130830,7° Puesto,0,-10
14/12/2025,VISITANTE,ECU,COL,1,CEVALLOS,MICHAEL,"CEVALLOS, M.",1641,27:21,7,1,4,25.0,1,4,25.0,2,4,50.0,2,3,5,4,0,2,0,0,2,2,6,1,"Estadio Primero de Marzo, Asunción",130830,7° Puesto,0,0
14/12/2025,VISITANTE,ECU,COL,2,CASTILLO,JUAN,"CASTILLO, J.",1796,29:56,18,2,4,50.0,4,12,33.3,2,4,50.0,5,3,8,5,2,2,0,0,0,2,19,1,"Estadio Primero de Marzo, Asunción",130830,7° Puesto,1,11
14/12/2025,VISITANTE,ECU,COL,7,DAZA,JOSÉ,"DAZA, J.",1666,27:46,5,2,12,16.7,0,0,0.0,1,2,50.0,5,3,8,2,0,1,0,0,3,2,3,1,"Estadio Primero de Marzo, Asunción",130830,7° Puesto,1,11
14/12/2025,VISITANTE,ECU,COL,10,ZAMBRANO,ALHAN,"ZAMBRANO, A.",702,11:42,3,0,0,0.0,1,1,100.0,0,0,0.0,0,0,0,1,0,2,1,0,0,0,3,1,"Estadio Primero de Marzo, Asunción",130830,7° Puesto,0,2
14/12/2025,VISITANTE,ECU,COL,12,MANJARRES,RODRIGO,"MANJARRES, R.",0,0:0,0,0,0,0.0,0,0,0.0,0,0,0.0,0,0,0,0,0,0,0,0,0,0,0,1,"Estadio Primero de Marzo, Asunción",130830,7° Puesto,0,0
14/12/2025,VISITANTE,ECU,COL,13,MINA,JAHIR,"MINA, J.",311,5:11,3,0,1,0.0,1,2,50.0,0,0,0.0,1,0,1,1,1,0,0,0,0,0,4,1,"Estadio Primero de Marzo, Asunción",130830,7° Puesto,0,-1
14/12/2025,VISITANTE,ECU,COL,14,NOBOA,FELIPE,"NOBOA, F.",1333,22:13,6,1,1,100.0,1,4,25.0,1,1,100.0,3,0,3,0,0,0,0,0,2,2,6,1,"Estadio Primero de Marzo, Asunción",130830,7° Puesto,1,0
14/12/2025,VISITANTE,ECU,COL,15,IBARRA,ISMAEL,"IBARRA, I.",713,11:53,5,2,4,50.0,0,0,0.0,1,1,100.0,0,3,3,0,0,2,0,0,0,2,4,1,"Estadio Primero de Marzo, Asunción",130830,7° Puesto,0,-5
14/12/2025,VISITANTE,ECU,COL,23,QUIÑONEZ,ADAIR,"QUIÑONEZ, A.",1707,28:27,12,1,3,33.3,2,3,66.7,4,4,100.0,6,1,7,1,1,3,2,0,1,5,17,1,"Estadio Primero de Marzo, Asunción",130830,7° Puesto,1,10
14/12/2025,VISITANTE,ECU,COL,32,COROZO,JEREMY,"COROZO, J.",920,15:20,3,0,3,0.0,1,2,50.0,0,0,0.0,1,2,3,0,0,1,0,0,0,3,1,1,"Estadio Primero de Marzo, Asunción",130830,7° Puesto,0,9
14/12/2025,VISITANTE,ECU,COL,33,REYES,DEIVIS,"REYES, D.",405,6:45,0,0,2,0.0,0,1,0.0,0,0,0.0,0,0,0,0,1,0,0,0,0,0,-2,1,"Estadio Primero de Marzo, Asunción",130830,7° Puesto,0,0
14/12/2025,VISITANTE,ECU,COL,48,VARGAS,LHEYDER,"VARGAS, L.",806,13:26,9,3,7,42.9,1,2,50.0,0,0,0.0,2,1,3,0,2,0,0,0,4,0,9,1,"Estadio Primero de Marzo, Asunción",130830,7° Puesto,1,8
14/12/2025,LOCAL,PAR,CHI,3,RADICE,ROBERTO,"RADICE, R.",2042,34:2,17,2,3,66.7,3,3,100.0,4,5,80.0,2,1,3,4,0,3,0,0,4,3,19,1,"Estadio Primero de Marzo, Asunción",130831,5° Puesto,1,-5
14/12/2025,LOCAL,PAR,CHI,5,VERA,LUIS,"VERA, L.",1949,32:29,6,2,3,66.7,0,5,0.0,2,2,100.0,5,2,7,4,1,2,0,0,2,1,10,1,"Estadio Primero de Marzo, Asunción",130831,5° Puesto,1,16
14/12/2025,LOCAL,PAR,CHI,6,TALAVERA,ALEJANDRO,"TALAVERA, A.",1979,32:59,22,0,4,0.0,7,8,87.5,1,1,100.0,2,1,3,5,2,5,0,0,1,2,22,1,"Estadio Primero de Marzo, Asunción",130831,5° Puesto,1,9
14/12/2025,LOCAL,PAR,CHI,7,IRALA,MATEO,"IRALA, M.",0,0:0,0,0,0,0.0,0,0,0.0,0,0,0.0,0,0,0,0,0,0,0,0,0,0,0,1,"Estadio Primero de Marzo, Asunción",130831,5° Puesto,0,0
14/12/2025,LOCAL,PAR,CHI,9,VAZQUEZ,JUAN,"VAZQUEZ, J.",1068,17:48,2,1,2,50.0,0,1,0.0,0,0,0.0,1,1,2,1,0,3,0,0,2,0,0,1,"Estadio Primero de Marzo, Asunción",130831,5° Puesto,0,-8
14/12/2025,LOCAL,PAR,CHI,10,DOMINGUEZ,EVERT,"DOMINGUEZ, E.",0,0:0,0,0,0,0.0,0,0,0.0,0,0,0.0,0,0,0,0,0,0,0,0,0,0,0,1,"Estadio Primero de Marzo, Asunción",130831,5° Puesto,0,0
14/12/2025,LOCAL,PAR,CHI,14,ESCURRA,MAURICIO,"ESCURRA, M.",1916,31:56,9,3,7,42.9,1,8,12.5,0,2,0.0,4,1,5,3,2,4,0,0,4,4,2,1,"Estadio Primero de Marzo, Asunción",130831,5° Puesto,1,8
14/12/2025,LOCAL,PAR,CHI,15,HACHEN,RICHARD,"HACHEN, R.",405,6:45,4,2,3,66.7,0,0,0.0,0,0,0.0,2,2,4,0,0,0,0,0,1,0,7,1,"Estadio Primero de Marzo, Asunción",130831,5° Puesto,0,6
14/12/2025,LOCAL,PAR,CHI,21,GONZALEZ,NESTOR,"GONZALEZ, N.",1749,29:9,14,4,10,40.0,0,2,0.0,6,8,75.0,9,0,9,3,1,3,1,0,0,8,15,1,"Estadio Primero de Marzo, Asunción",130831,5° Puesto,1,-4
14/12/2025,LOCAL,PAR,CHI,34,GIMENEZ,MAXIMILIANO,"GIMENEZ, M.",697,11:37,2,1,1,100.0,0,0,0.0,0,0,0.0,3,0,3,1,1,0,0,0,3,0,7,1,"Estadio Primero de Marzo, Asunción",130831,5° Puesto,0,-14
14/12/2025,LOCAL,PAR,CHI,55,MOLINAS,JOSE,"MOLINAS, J.",0,0:0,0,0,0,0.0,0,0,0.0,0,0,0.0,0,0,0,0,0,0,0,0,0,0,0,1,"Estadio Primero de Marzo, Asunción",130831,5° Puesto,0,0
14/12/2025,LOCAL,PAR,CHI,81,CUELLAR,EZEQUIEL,"CUELLAR, E.",195,3:15,0,0,0,0.0,0,0,0.0,0,0,0.0,0,1,1,0,0,1,0,0,0,0,0,1,"Estadio Primero de Marzo, Asunción",130831,5° Puesto,0,2
14/12/2025,VISITANTE,CHI,PAR,0,MUSRRI,LUIS,"MUSRRI, L.",391,6:31,6,2,2,100.0,0,0,0.0,2,2,100.0,0,0,0,2,0,0,2,0,0,1,10,0,"Estadio Primero de Marzo, Asunción",130831,5° Puesto,0,2
14/12/2025,VISITANTE,CHI,PAR,1,PACHANO,GABRIEL,"PACHANO, G.",1204,20:4,4,0,2,0.0,1,4,25.0,1,1,100.0,2,0,2,0,0,1,0,0,0,2,0,0,"Estadio Primero de Marzo, Asunción",130831,5° Puesto,0,3
14/12/2025,VISITANTE,CHI,PAR,2,LA RIVERA,TOMAS,"LA RIVERA, T.",1450,24:10,0,0,2,0.0,0,3,0.0,0,0,0.0,2,2,4,1,6,3,0,0,1,1,3,0,"Estadio Primero de Marzo, Asunción",130831,5° Puesto,1,6
14/12/2025,VISITANTE,CHI,PAR,3,CASTRO,MATEO,"CASTRO, M.",190,3:10,0,0,0,0.0,0,0,0.0,0,0,0.0,0,0,0,0,0,0,0,0,1,0,0,0,"Estadio Primero de Marzo, Asunción",130831,5° Puesto,0,-1
14/12/2025,VISITANTE,CHI,PAR,4,HITSCHFELD,MATHIAS,"HITSCHFELD, M.",1404,23:24,14,1,3,33.3,2,3,66.7,6,6,100.0,7,3,10,0,2,3,1,0,0,4,21,0,"Estadio Primero de Marzo, Asunción",130831,5° Puesto,1,-16
14/12/2025,VISITANTE,CHI,PAR,7,PINO,TOMAS,"PINO, T.",38,0:38,0,0,0,0.0,0,0,0.0,0,0,0.0,0,0,0,1,0,0,0,0,0,0,1,0,"Estadio Primero de Marzo, Asunción",130831,5° Puesto,0,1
14/12/2025,VISITANTE,CHI,PAR,8,ECHEVERRIA,AGUSTIN,"ECHEVERRIA, A.",418,6:58,3,0,2,0.0,1,3,33.3,0,0,0.0,0,0,0,0,0,1,0,0,0,0,-2,0,"Estadio Primero de Marzo, Asunción",130831,5° Puesto,0,2
14/12/2025,VISITANTE,CHI,PAR,9,STUARDO,PEDRO,"STUARDO, P.",1865,31:5,6,2,5,40.0,0,4,0.0,2,4,50.0,3,3,6,2,3,2,1,0,3,3,7,0,"Estadio Primero de Marzo, Asunción",130831,5° Puesto,0,-6
14/12/2025,VISITANTE,CHI,PAR,10,SARAVIA,FRANCISCO,"SARAVIA, F.",2142,35:42,30,9,13,69.2,2,11,18.2,6,8,75.0,3,2,5,1,1,1,0,0,2,4,21,0,"Estadio Primero de Marzo, Asunción",130831,5° Puesto,1,-2
14/12/2025,VISITANTE,CHI,PAR,11,DONOSO,PEDRO,"DONOSO, P.",425,7:5,2,1,1,100.0,0,0,0.0,0,0,0.0,0,0,0,0,0,0,0,0,2,0,2,0,"Estadio Primero de Marzo, Asunción",130831,5° Puesto,0,-2
14/12/2025,VISITANTE,CHI,PAR,15,VELÁSQUEZ,MATEO,"VELÁSQUEZ, M.",1043,17:23,2,1,2,50.0,0,3,0.0,0,0,0.0,1,0,1,0,0,0,0,0,4,1,-1,0,"Estadio Primero de Marzo, Asunción",130831,5° Puesto,1,-3
14/12/2025,VISITANTE,CHI,PAR,17,QUEZADA,MAXIMILIANO,"QUEZADA, M.",1429,23:49,7,3,4,75.0,0,0,0.0,1,1,100.0,4,3,7,0,1,2,0,0,5,1,12,0,"Estadio Primero de Marzo, Asunción",130831,5° Puesto,1,6
14/12/2025,LOCAL,VEN,URU,2,TORRES,DEIKER,"TORRES, D.",1229,20:29,5,1,2,50.0,1,2,50.0,0,1,0.0,1,0,1,4,0,1,0,0,1,3,6,1,"Estadio Primero de Marzo, Asunción",130832,Bronce,1,11
14/12/2025,LOCAL,VEN,URU,3,VASQUEZ,JULIO,"VASQUEZ, J.",2005,33:25,8,2,8,25.0,1,4,25.0,1,2,50.0,3,3,6,8,5,0,0,0,0,1,17,1,"Estadio Primero de Marzo, Asunción",130832,Bronce,0,22
14/12/2025,LOCAL,VEN,URU,4,SEGOVIA,RICHARD,"SEGOVIA, R.",1113,18:33,11,1,3,33.3,3,5,60.0,0,1,0.0,1,0,1,2,3,2,0,0,1,1,10,1,"Estadio Primero de Marzo, Asunción",130832,Bronce,0,11
14/12/2025,LOCAL,VEN,URU,7,LARA,JOSE,"LARA, J.",1641,27:21,17,5,16,31.3,2,5,40.0,1,3,33.3,3,6,9,1,1,0,1,0,2,3,13,1,"Estadio Primero de Marzo, Asunción",130832,Bronce,1,6
14/12/2025,LOCAL,VEN,URU,9,PERDOMO,JUAN,"PERDOMO, J.",1107,18:27,5,1,1,100.0,1,2,50.0,0,0,0.0,2,0,2,2,1,0,0,0,3,0,9,1,"Estadio Primero de Marzo, Asunción",130832,Bronce,0,1
14/12/2025,LOCAL,VEN,URU,12,MIQUILARENO,GABRIEL,"MIQUILARENO, G.",580,9:40,0,0,0,0.0,0,0,0.0,0,0,0.0,0,0,0,0,0,2,0,0,2,0,-2,1,"Estadio Primero de Marzo, Asunción",130832,Bronce,0,15
14/12/2025,LOCAL,VEN,URU,14,GUTIERREZ,KEVIN,"GUTIERREZ, K.",1702,28:22,15,6,7,85.7,0,2,0.0,3,4,75.0,7,1,8,2,0,2,0,0,4,3,19,1,"Estadio Primero de Marzo, Asunción",130832,Bronce,1,9
14/12/2025,LOCAL,VEN,URU,18,ANILLO,WILLIAMS,"ANILLO, W.",1484,24:44,19,3,5,60.0,4,7,57.1,1,1,100.0,5,0,5,2,2,1,0,0,0,2,22,1,"Estadio Primero de Marzo, Asunción",130832,Bronce,1,11
14/12/2025,LOCAL,VEN,URU,20,MONTERO,ISAAC,"MONTERO, I.",95,1:35,0,0,0,0.0,0,0,0.0,0,0,0.0,0,0,0,0,0,1,0,0,0,0,-1,1,"Estadio Primero de Marzo, Asunción",130832,Bronce,0,-4
14/12/2025,LOCAL,VEN,URU,23,NIÑO,SAMUEL,"NIÑO, S.",782,13:2,4,2,4,50.0,0,0,0.0,0,3,0.0,2,3,5,1,0,4,0,0,2,3,1,1,"Estadio Primero de Marzo, Asunción",130832,Bronce,1,1
14/12/2025,LOCAL,VEN,URU,26,SOTO,DIEGO,"SOTO, D.",262,4:22,1,0,2,0.0,0,0,0.0,1,2,50.0,0,0,0,0,0,0,0,0,1,1,-2,1,"Estadio Primero de Marzo, Asunción",130832,Bronce,0,2
14/12/2025,LOCAL,VEN,URU,51,CARRIZO,JOSE,"CARRIZO, J.",0,0:0,0,0,0,0.0,0,0,0.0,0,0,0.0,0,0,0,0,0,0,0,0,0,0,0,1,"Estadio Primero de Marzo, Asunción",130832,Bronce,0,0
14/12/2025,VISITANTE,URU,VEN,0,ABAL,TOMAS,"ABAL, T.",233,3:53,0,0,0,0.0,0,0,0.0,0,0,0.0,1,0,1,0,0,0,0,0,1,0,1,0,"Estadio Primero de Marzo, Asunción",130832,Bronce,0,-5
14/12/2025,VISITANTE,URU,VEN,4,PASTRANA,MANUEL,"PASTRANA, M.",843,14:3,3,0,0,0.0,1,3,33.3,0,2,0.0,0,0,0,1,0,1,0,0,0,2,-1,0,"Estadio Primero de Marzo, Asunción",130832,Bronce,0,-21
14/12/2025,VISITANTE,URU,VEN,5,IZUIBEJERES,FACUNDO,"IZUIBEJERES, F.",1837,30:37,4,2,6,33.3,0,4,0.0,0,0,0.0,2,0,2,9,3,2,0,0,1,1,8,0,"Estadio Primero de Marzo, Asunción",130832,Bronce,1,-4
14/12/2025,VISITANTE,URU,VEN,8,CRUZ,FEDERICO,"CRUZ, F.",689,11:29,6,2,5,40.0,0,0,0.0,2,2,100.0,3,0,3,1,0,2,0,0,3,3,5,0,"Estadio Primero de Marzo, Asunción",130832,Bronce,0,-16
14/12/2025,VISITANTE,URU,VEN,10,GOMEZ,LAUTARO,"GOMEZ, L.",1561,26:1,15,5,5,100.0,0,1,0.0,5,5,100.0,5,2,7,1,0,2,2,0,4,4,22,0,"Estadio Primero de Marzo, Asunción",130832,Bronce,1,5
14/12/2025,VISITANTE,URU,VEN,11,TESTA,NICOLAS,"TESTA, N.",2290,38:10,22,8,11,72.7,1,7,14.3,3,3,100.0,6,0,6,3,0,3,0,0,1,4,19,0,"Estadio Primero de Marzo, Asunción",130832,Bronce,1,-8
14/12/2025,VISITANTE,URU,VEN,13,RAMÍREZ,VALENTINO,"RAMÍREZ, V.",738,12:18,0,0,0,0.0,0,0,0.0,0,0,0.0,2,1,3,0,1,1,0,0,0,0,3,0,"Estadio Primero de Marzo, Asunción",130832,Bronce,0,-17
14/12/2025,VISITANTE,URU,VEN,15,VENET,GABRIEL,"VENET, G.",0,0:0,0,0,0,0.0,0,0,0.0,0,0,0.0,0,0,0,0,0,0,0,0,0,0,0,0,"Estadio Primero de Marzo, Asunción",130832,Bronce,0,0
14/12/2025,VISITANTE,URU,VEN,19,FATA,GABRIEL,"FATA, G.",2101,35:1,11,2,6,33.3,2,6,33.3,1,2,50.0,4,2,6,1,1,5,3,0,2,2,8,0,"Estadio Primero de Marzo, Asunción",130832,Bronce,1,-19
14/12/2025,VISITANTE,URU,VEN,21,MICHAELSSON,THIAGO,"MICHAELSSON, T.",178,2:58,0,0,0,0.0,0,0,0.0,0,0,0.0,0,0,0,0,0,0,0,0,1,0,0,0,"Estadio Primero de Marzo, Asunción",130832,Bronce,0,-12
14/12/2025,VISITANTE,URU,VEN,22,OROZCO,LUCAS,"OROZCO, L.",1530,25:30,7,2,4,50.0,1,2,50.0,0,0,0.0,2,0,2,2,2,3,1,0,5,0,8,0,"Estadio Primero de Marzo, Asunción",130832,Bronce,1,12
14/12/2025,VISITANTE,URU,VEN,29,GUZZETTI,JUAN,"GUZZETTI, J.",0,0:0,0,0,0,0.0,0,0,0.0,0,0,0.0,0,0,0,0,0,0,0,0,0,0,0,0,"Estadio Primero de Marzo, Asunción",130832,Bronce,0,0
14/12/2025,LOCAL,ARG,BRA,2,PETTOVELLO,BENJAMIN,"PETTOVELLO, B.",1313,21:53,5,1,6,16.7,0,1,0.0,3,4,75.0,4,3,7,0,0,3,0,0,5,2,2,0,"Estadio Primero de Marzo, Asunción",130833,Final,1,-20
14/12/2025,LOCAL,ARG,BRA,4,HERNANDEZ,MANUEL,"HERNANDEZ, M.",1449,24:9,4,2,5,40.0,0,3,0.0,0,0,0.0,1,1,2,4,2,3,1,0,4,3,4,0,"Estadio Primero de Marzo, Asunción",130833,Final,1,-11
14/12/2025,LOCAL,ARG,BRA,5,CORNALIS,FACUNDO,"CORNALIS, F.",0,0:0,0,0,0,0.0,0,0,0.0,0,0,0.0,0,0,0,0,0,0,0,0,0,0,0,0,"Estadio Primero de Marzo, Asunción",130833,Final,0,0
14/12/2025,LOCAL,ARG,BRA,6,GOBETTI,BAUTISTA,"GOBETTI, B.",1484,24:44,12,3,5,60.0,2,5,40.0,0,0,0.0,7,1,8,0,1,1,1,0,2,2,16,0,"Estadio Primero de Marzo, Asunción",130833,Final,1,0
14/12/2025,LOCAL,ARG,BRA,7,TORRENS,ELIAS,"TORRENS, E.",397,6:37,2,1,1,100.0,0,0,0.0,0,0,0.0,0,0,0,0,0,0,0,0,0,0,2,0,"Estadio Primero de Marzo, Asunción",130833,Final,0,-7
14/12/2025,LOCAL,ARG,BRA,8,AMAN,GONZALO,"AMAN, G.",959,15:59,3,0,4,0.0,1,3,33.3,0,2,0.0,0,0,0,1,0,0,0,0,1,2,-4,0,"Estadio Primero de Marzo, Asunción",130833,Final,1,-15
14/12/2025,LOCAL,ARG,BRA,9,CELIZ,JOAQUIN,"CELIZ, J.",1217,20:17,9,2,3,66.7,1,3,33.3,2,4,50.0,1,0,1,2,0,1,0,0,2,2,6,0,"Estadio Primero de Marzo, Asunción",130833,Final,0,-16
14/12/2025,LOCAL,ARG,BRA,10,CAUMO,JOAQUIN,"CAUMO, J.",1192,19:52,23,4,8,50.0,4,8,50.0,3,6,50.0,2,0,2,1,2,2,0,0,2,5,15,0,"Estadio Primero de Marzo, Asunción",130833,Final,0,0
14/12/2025,LOCAL,ARG,BRA,11,MORAVANSKY,ROMAN,"MORAVANSKY, R.",1414,23:34,3,0,1,0.0,1,2,50.0,0,0,0.0,3,1,4,4,2,1,0,0,0,0,10,0,"Estadio Primero de Marzo, Asunción",130833,Final,0,-18
14/12/2025,LOCAL,ARG,BRA,12,FESSIA,MATEO,"FESSIA, M.",746,12:26,3,1,1,100.0,0,1,0.0,1,2,50.0,0,0,0,1,0,1,0,0,3,1,1,0,"Estadio Primero de Marzo, Asunción",130833,Final,0,-14
14/12/2025,LOCAL,ARG,BRA,14,PETTINAROLI,SANTIAGO,"PETTINAROLI, S.",1461,24:21,13,4,8,50.0,0,3,0.0,5,9,55.6,6,1,7,1,0,3,0,0,3,5,7,0,"Estadio Primero de Marzo, Asunción",130833,Final,1,-10
14/12/2025,LOCAL,ARG,BRA,15,MARQUEZ,JUAN,"MARQUEZ, J.",368,6:8,0,0,1,0.0,0,0,0.0,0,0,0.0,0,0,0,0,0,0,0,0,0,0,-1,0,"Estadio Primero de Marzo, Asunción",130833,Final,0,6
14/12/2025,VISITANTE,BRA,ARG,2,MATHIAS,CAIO,"MATHIAS, C.",985,16:25,6,0,0,0.0,2,6,33.3,0,0,0.0,0,0,0,1,0,0,0,0,1,1,3,1,"Estadio Primero de Marzo, Asunción",130833,Final,0,-6
14/12/2025,VISITANTE,BRA,ARG,3,NASCIMENTO,MATHEUS,"NASCIMENTO, M.",892,14:52,2,1,2,50.0,0,5,0.0,0,0,0.0,0,0,0,2,2,2,0,0,3,0,-2,1,"Estadio Primero de Marzo, Asunción",130833,Final,0,8
14/12/2025,VISITANTE,BRA,ARG,6,ALVES,PEDRO,"ALVES, P.",481,8:1,0,0,1,0.0,0,0,0.0,0,0,0.0,3,2,5,0,0,0,1,0,4,1,5,1,"Estadio Primero de Marzo, Asunción",130833,Final,1,-9
14/12/2025,VISITANTE,BRA,ARG,8,FERNANDES,JOAO GABRIEL,"FERNANDES, J.",117,1:57,0,0,0,0.0,0,2,0.0,0,0,0.0,0,1,1,0,0,0,0,0,0,0,-1,1,"Estadio Primero de Marzo, Asunción",130833,Final,0,-3
14/12/2025,VISITANTE,BRA,ARG,10,MELO,PIETRO,"MELO, P.",1830,30:30,18,1,4,25.0,1,5,20.0,13,13,100.0,2,3,5,7,1,4,0,0,2,6,20,1,"Estadio Primero de Marzo, Asunción",130833,Final,1,12
14/12/2025,VISITANTE,BRA,ARG,11,BANDIERA,JOÃO,"BANDIERA, J.",381,6:21,1,0,0,0.0,0,1,0.0,1,2,50.0,0,0,0,2,0,0,0,0,2,1,1,1,"Estadio Primero de Marzo, Asunción",130833,Final,0,8
14/12/2025,VISITANTE,BRA,ARG,14,NEVES,JOAO,"NEVES, J.",1806,30:6,16,2,3,66.7,3,8,37.5,3,4,75.0,6,1,7,1,0,3,2,0,2,1,16,1,"Estadio Primero de Marzo, Asunción",130833,Final,1,8
14/12/2025,VISITANTE,BRA,ARG,25,SOUZA,PEDRO,"SOUZA, P.",1432,23:52,24,4,9,44.4,4,8,50.0,4,4,100.0,3,1,4,2,0,3,0,0,2,2,18,1,"Estadio Primero de Marzo, Asunción",130833,Final,1,20
14/12/2025,VISITANTE,BRA,ARG,33,FERREIRA,CRISTIAN,"FERREIRA, C.",1567,26:7,7,2,2,100.0,0,0,0.0,3,5,60.0,8,2,10,2,1,3,3,0,4,5,18,1,"Estadio Primero de Marzo, Asunción",130833,Final,0,25
14/12/2025,VISITANTE,BRA,ARG,45,SANTOS,ISAIAH,"SANTOS, I.",1488,24:48,13,4,7,57.1,1,2,50.0,2,3,66.7,4,0,4,1,0,2,0,0,4,3,11,1,"Estadio Primero de Marzo, Asunción",130833,Final,0,26
14/12/2025,VISITANTE,BRA,ARG,50,SANTOS,EDUARDO,"SANTOS, E.",689,11:29,7,1,1,100.0,1,5,20.0,2,2,100.0,2,3,5,1,0,0,0,0,2,1,9,1,"Estadio Primero de Marzo, Asunción",130833,Final,1,11
14/12/2025,VISITANTE,BRA,ARG,99,DE RINALDE,JOÃO MARCELO,"DE RINALDE, J.",332,5:32,4,2,2,100.0,0,0,0.0,0,0,0.0,4,1,5,0,0,0,0,0,1,0,9,1,"Estadio Primero de Marzo, Asunción",130833,Final,0,5
10/12/2025,VISITANTE,ARG,URU,,TOTALES,,TOTALES,12000,,93,22,40,55.0,12,35,34.3,13,22,59.1,29,13,42,16,11,13,4,0,19,20,103,1,"Estadio Primero de Marzo, Asunción",125521,Grupo A,0,175
10/12/2025,LOCAL,URU,ARG,,TOTALES,,TOTALES,12000,,58,20,48,41.7,4,17,23.5,6,12,50.0,25,12,37,15,3,21,2,0,20,19,47,0,"Estadio Primero de Marzo, Asunción",125521,Grupo A,0,-175
10/12/2025,VISITANTE,COL,ECU,,TOTALES,,TOTALES,12000,,79,18,45,40.0,12,29,41.4,7,19,36.8,31,17,48,19,13,14,5,0,14,16,94,1,"Estadio Primero de Marzo, Asunción",125522,Grupo A,0,155
10/12/2025,LOCAL,ECU,COL,,TOTALES,,TOTALES,12001,,48,7,31,22.6,9,31,29.0,7,10,70.0,26,11,37,14,9,24,1,0,16,14,36,0,"Estadio Primero de Marzo, Asunción",125522,Grupo A,0,-155
11/12/2025,LOCAL,COL,URU,,TOTALES,,TOTALES,12000,,61,12,40,30.0,8,30,26.7,13,24,54.2,13,16,29,12,8,15,5,0,14,15,39,0,"Estadio Primero de Marzo, Asunción",125523,Grupo A,0,-110
11/12/2025,VISITANTE,URU,COL,,TOTALES,,TOTALES,12001,,83,23,35,65.7,9,33,27.3,10,12,83.3,33,13,46,22,10,23,7,0,15,14,107,1,"Estadio Primero de Marzo, Asunción",125523,Grupo A,0,110
11/12/2025,LOCAL,ARG,ECU,,TOTALES,,TOTALES,12000,,126,29,51,56.9,18,38,47.4,14,21,66.7,35,12,47,31,19,7,5,0,8,14,172,1,"Estadio Primero de Marzo, Asunción",125524,Grupo A,0,415
11/12/2025,VISITANTE,ECU,ARG,,TOTALES,,TOTALES,12000,,43,7,26,26.9,8,30,26.7,5,7,71.4,24,1,25,10,5,29,4,0,14,8,15,0,"Estadio Primero de Marzo, Asunción",125524,Grupo A,0,-415
12/12/2025,VISITANTE,ECU,URU,,TOTALES,,TOTALES,12001,,58,17,35,48.6,5,28,17.9,9,14,64.3,28,12,40,8,12,24,5,0,16,12,53,0,"Estadio Primero de Marzo, Asunción",125525,Grupo A,0,-115
12/12/2025,LOCAL,URU,ECU,,TOTALES,,TOTALES,12000,,81,19,41,46.3,11,30,36.7,10,14,71.4,24,8,32,21,14,17,1,0,12,16,87,1,"Estadio Primero de Marzo, Asunción",125525,Grupo A,0,115
12/12/2025,VISITANTE,ARG,COL,,TOTALES,,TOTALES,12001,,78,16,35,45.7,7,30,23.3,25,35,71.4,32,19,51,17,7,18,3,0,18,27,86,1,"Estadio Primero de Marzo, Asunción",125526,Grupo A,0,45
12/12/2025,LOCAL,COL,ARG,,TOTALES,,TOTALES,12000,,69,15,39,38.5,8,26,30.8,15,22,68.2,24,8,32,11,8,13,2,0,27,18,60,0,"Estadio Primero de Marzo, Asunción",125526,Grupo A,0,-45
10/12/2025,LOCAL,PAR,VEN,,TOTALES,,TOTALES,12000,,67,18,41,43.9,9,32,28.1,4,10,40.0,33,13,46,17,9,18,3,0,18,20,72,1,"Estadio Primero de Marzo, Asunción",125527,Grupo B,0,45
10/12/2025,VISITANTE,VEN,PAR,,TOTALES,,TOTALES,12000,,58,17,49,34.7,5,24,20.8,9,19,47.4,30,16,46,12,13,20,2,0,20,18,50,0,"Estadio Primero de Marzo, Asunción",125527,Grupo B,0,-45
10/12/2025,LOCAL,BRA,CHI,,TOTALES,,TOTALES,12001,,99,22,40,55.0,15,50,30.0,10,20,50.0,27,28,55,25,10,10,9,0,14,15,125,1,"Estadio Primero de Marzo, Asunción",125528,Grupo B,0,145
10/12/2025,VISITANTE,CHI,BRA,,TOTALES,,TOTALES,12000,,70,19,47,40.4,8,25,32.0,8,12,66.7,20,10,30,18,7,18,3,0,15,14,61,0,"Estadio Primero de Marzo, Asunción",125528,Grupo B,0,-145
11/12/2025,LOCAL,CHI,PAR,,TOTALES,,TOTALES,12000,,95,27,48,56.2,9,25,36.0,14,18,77.8,26,5,31,19,13,13,4,0,19,18,108,1,"Estadio Primero de Marzo, Asunción",125529,Grupo B,0,125
11/12/2025,VISITANTE,PAR,CHI,,TOTALES,,TOTALES,12000,,70,17,38,44.7,7,19,36.8,15,22,68.2,27,8,35,12,9,23,4,0,18,19,67,0,"Estadio Primero de Marzo, Asunción",125529,Grupo B,0,-125
11/12/2025,VISITANTE,BRA,VEN,,TOTALES,,TOTALES,12000,,94,27,47,57.4,10,39,25.6,10,19,52.6,41,18,59,16,3,12,5,0,13,16,107,1,"Estadio Primero de Marzo, Asunción",125530,Grupo B,0,75
11/12/2025,LOCAL,VEN,BRA,,TOTALES,,TOTALES,12001,,79,22,50,44.0,8,28,28.6,11,16,68.8,24,9,33,16,10,8,2,0,16,13,79,0,"Estadio Primero de Marzo, Asunción",125530,Grupo B,0,-75
12/12/2025,VISITANTE,BRA,PAR,,TOTALES,,TOTALES,12000,,117,32,54,59.3,13,35,37.1,14,19,73.7,37,25,62,27,12,16,5,0,17,15,158,1,"Estadio Primero de Marzo, Asunción",125531,Grupo B,0,350
12/12/2025,LOCAL,PAR,BRA,,TOTALES,,TOTALES,12000,,47,12,36,33.3,5,26,19.2,8,13,61.5,14,4,18,8,9,23,6,0,15,17,15,0,"Estadio Primero de Marzo, Asunción",125531,Grupo B,0,-350
12/12/2025,LOCAL,CHI,VEN,,TOTALES,,TOTALES,12000,,64,15,31,48.4,9,25,36.0,7,14,50.0,21,5,26,16,8,13,5,0,16,11,67,0,"Estadio Primero de Marzo, Asunción",125532,Grupo B,0,-95
12/12/2025,VISITANTE,VEN,CHI,,TOTALES,,TOTALES,12000,,83,22,35,62.9,7,24,29.2,18,21,85.7,28,3,31,21,7,12,4,0,11,16,101,1,"Estadio Primero de Marzo, Asunción",125532,Grupo B,0,95
13/12/2025,LOCAL,COL,PAR,,TOTALES,,TOTALES,12000,,66,22,44,50.0,5,34,14.7,7,10,70.0,32,9,41,10,6,12,5,0,19,9,62,0,"Estadio Primero de Marzo, Asunción",130826,5°-8° puesto,0,-25
13/12/2025,VISITANTE,PAR,COL,,TOTALES,,TOTALES,12000,,71,16,43,37.2,10,24,41.7,9,17,52.9,36,10,46,15,7,18,3,0,9,19,75,1,"Estadio Primero de Marzo, Asunción",130826,5°-8° puesto,0,25
13/12/2025,LOCAL,CHI,ECU,,TOTALES,,TOTALES,12000,,72,25,38,65.8,5,23,21.7,7,8,87.5,24,7,31,12,8,22,4,0,15,15,73,1,"Estadio Primero de Marzo, Asunción",130827,5°-8° puesto,0,55
13/12/2025,VISITANTE,ECU,CHI,,TOTALES,,TOTALES,12000,,61,20,51,39.2,4,27,14.8,9,20,45.0,23,26,49,13,13,19,2,0,15,15,54,0,"Estadio Primero de Marzo, Asunción",130827,5°-8° puesto,0,-55
13/12/2025,LOCAL,ARG,VEN,,TOTALES,,TOTALES,12000,,66,18,47,38.3,6,27,22.2,12,23,52.2,37,11,48,14,7,14,4,0,17,23,64,1,"Estadio Primero de Marzo, Asunción",130828,Semifinal,0,105
13/12/2025,VISITANTE,VEN,ARG,,TOTALES,,TOTALES,12000,,45,13,44,29.5,4,25,16.0,7,17,41.2,39,10,49,6,5,16,4,0,24,17,31,0,"Estadio Primero de Marzo, Asunción",130828,Semifinal,0,-105
13/12/2025,LOCAL,BRA,URU,,TOTALES,,TOTALES,12001,,106,22,36,61.1,13,40,32.5,23,33,69.7,33,21,54,21,9,16,2,0,14,24,125,1,"Estadio Primero de Marzo, Asunción",130829,Semifinal,0,270
13/12/2025,VISITANTE,URU,BRA,,TOTALES,,TOTALES,12001,,52,13,28,46.4,5,26,19.2,11,17,64.7,16,2,18,13,11,22,3,0,24,13,33,0,"Estadio Primero de Marzo, Asunción",130829,Semifinal,0,-270
14/12/2025,LOCAL,COL,ECU,,TOTALES,,TOTALES,12000,,62,15,42,35.7,9,34,26.5,5,8,62.5,26,18,44,12,4,15,5,0,18,12,57,0,"Estadio Primero de Marzo, Asunción",130830,7° Puesto,0,-45
14/12/2025,VISITANTE,ECU,COL,,TOTALES,,TOTALES,12000,,71,12,41,29.3,12,31,38.7,11,16,68.8,25,16,41,14,7,13,3,0,12,18,70,1,"Estadio Primero de Marzo, Asunción",130830,7° Puesto,0,45
14/12/2025,VISITANTE,CHI,PAR,,TOTALES,,TOTALES,11999,,74,19,36,52.8,6,31,19.4,18,22,81.8,22,13,35,7,13,13,4,0,18,17,74,0,"Estadio Primero de Marzo, Asunción",130831,5° Puesto,0,-10
14/12/2025,LOCAL,PAR,CHI,,TOTALES,,TOTALES,12000,,76,15,33,45.5,11,27,40.7,13,18,72.2,28,9,37,21,7,21,1,0,17,18,82,1,"Estadio Primero de Marzo, Asunción",130831,5° Puesto,0,10
14/12/2025,VISITANTE,URU,VEN,,TOTALES,,TOTALES,12000,,68,21,37,56.8,5,23,21.7,11,14,78.6,25,5,30,18,7,19,6,0,18,16,73,0,"Estadio Primero de Marzo, Asunción",130832,Bronce,0,-85
14/12/2025,LOCAL,VEN,URU,,TOTALES,,TOTALES,12000,,85,21,48,43.8,12,27,44.4,7,17,41.2,24,13,37,22,12,13,1,0,16,17,92,1,"Estadio Primero de Marzo, Asunción",130832,Bronce,0,85
14/12/2025,LOCAL,ARG,BRA,,TOTALES,,TOTALES,12000,,77,18,43,41.9,9,29,31.0,14,27,51.9,24,7,31,14,7,15,2,0,22,22,58,0,"Estadio Primero de Marzo, Asunción",130833,Final,0,-105
14/12/2025,VISITANTE,BRA,ARG,,TOTALES,,TOTALES,12000,,98,17,31,54.8,12,42,28.6,28,33,84.8,32,14,46,19,4,17,6,0,27,21,107,1,"Estadio Primero de Marzo, Asunción",130833,Final,0,105
